/*
 Navicat Premium Data Transfer

 Source Server         : 127.0.0.1
 Source Server Type    : MySQL
 Source Server Version : 80100 (8.1.0)
 Source Host           : localhost:3306
 Source Schema         : xxl_job

 Target Server Type    : MySQL
 Target Server Version : 80100 (8.1.0)
 File Encoding         : 65001

 Date: 07/09/2023 14:33:48
*/

SET NAMES utf8mb4;
SET FOREIGN_KEY_CHECKS = 0;

-- ----------------------------
-- Table structure for xxl_job_group
-- ----------------------------
DROP TABLE IF EXISTS `xxl_job_group`;
CREATE TABLE `xxl_job_group` (
  `id` int NOT NULL AUTO_INCREMENT,
  `app_name` varchar(64) NOT NULL COMMENT '执行器AppName',
  `title` varchar(12) NOT NULL COMMENT '执行器名称',
  `address_type` tinyint NOT NULL DEFAULT '0' COMMENT '执行器地址类型：0=自动注册、1=手动录入',
  `address_list` text COMMENT '执行器地址列表，多地址逗号分隔',
  `update_time` datetime DEFAULT NULL,
  PRIMARY KEY (`id`)
) ENGINE=InnoDB AUTO_INCREMENT=4 DEFAULT CHARSET=utf8mb4 COLLATE=utf8mb4_0900_ai_ci;

-- ----------------------------
-- Records of xxl_job_group
-- ----------------------------
BEGIN;
INSERT INTO `xxl_job_group` (`id`, `app_name`, `title`, `address_type`, `address_list`, `update_time`) VALUES (1, 'xxl-job-executor-sample', '示例执行器', 0, NULL, '2023-09-03 15:52:42');
INSERT INTO `xxl_job_group` (`id`, `app_name`, `title`, `address_type`, `address_list`, `update_time`) VALUES (2, 'media-process-executor', '媒体视频转码执行器', 0, 'http://172.27.53.95:9999/', '2023-09-03 15:52:42');
INSERT INTO `xxl_job_group` (`id`, `app_name`, `title`, `address_type`, `address_list`, `update_time`) VALUES (3, 'coursepublish-executor', '课程发布任务执行器', 0, 'http://172.27.53.95:8999/', '2023-09-03 15:52:42');
COMMIT;

-- ----------------------------
-- Table structure for xxl_job_info
-- ----------------------------
DROP TABLE IF EXISTS `xxl_job_info`;
CREATE TABLE `xxl_job_info` (
  `id` int NOT NULL AUTO_INCREMENT,
  `job_group` int NOT NULL COMMENT '执行器主键ID',
  `job_desc` varchar(255) NOT NULL,
  `add_time` datetime DEFAULT NULL,
  `update_time` datetime DEFAULT NULL,
  `author` varchar(64) DEFAULT NULL COMMENT '作者',
  `alarm_email` varchar(255) DEFAULT NULL COMMENT '报警邮件',
  `schedule_type` varchar(50) NOT NULL DEFAULT 'NONE' COMMENT '调度类型',
  `schedule_conf` varchar(128) DEFAULT NULL COMMENT '调度配置，值含义取决于调度类型',
  `misfire_strategy` varchar(50) NOT NULL DEFAULT 'DO_NOTHING' COMMENT '调度过期策略',
  `executor_route_strategy` varchar(50) DEFAULT NULL COMMENT '执行器路由策略',
  `executor_handler` varchar(255) DEFAULT NULL COMMENT '执行器任务handler',
  `executor_param` varchar(512) DEFAULT NULL COMMENT '执行器任务参数',
  `executor_block_strategy` varchar(50) DEFAULT NULL COMMENT '阻塞处理策略',
  `executor_timeout` int NOT NULL DEFAULT '0' COMMENT '任务执行超时时间，单位秒',
  `executor_fail_retry_count` int NOT NULL DEFAULT '0' COMMENT '失败重试次数',
  `glue_type` varchar(50) NOT NULL COMMENT 'GLUE类型',
  `glue_source` mediumtext COMMENT 'GLUE源代码',
  `glue_remark` varchar(128) DEFAULT NULL COMMENT 'GLUE备注',
  `glue_updatetime` datetime DEFAULT NULL COMMENT 'GLUE更新时间',
  `child_jobid` varchar(255) DEFAULT NULL COMMENT '子任务ID，多个逗号分隔',
  `trigger_status` tinyint NOT NULL DEFAULT '0' COMMENT '调度状态：0-停止，1-运行',
  `trigger_last_time` bigint NOT NULL DEFAULT '0' COMMENT '上次调度时间',
  `trigger_next_time` bigint NOT NULL DEFAULT '0' COMMENT '下次调度时间',
  PRIMARY KEY (`id`)
) ENGINE=InnoDB AUTO_INCREMENT=4 DEFAULT CHARSET=utf8mb4 COLLATE=utf8mb4_0900_ai_ci;

-- ----------------------------
-- Records of xxl_job_info
-- ----------------------------
BEGIN;
INSERT INTO `xxl_job_info` (`id`, `job_group`, `job_desc`, `add_time`, `update_time`, `author`, `alarm_email`, `schedule_type`, `schedule_conf`, `misfire_strategy`, `executor_route_strategy`, `executor_handler`, `executor_param`, `executor_block_strategy`, `executor_timeout`, `executor_fail_retry_count`, `glue_type`, `glue_source`, `glue_remark`, `glue_updatetime`, `child_jobid`, `trigger_status`, `trigger_last_time`, `trigger_next_time`) VALUES (1, 1, '测试任务1', '2018-11-03 22:21:31', '2018-11-03 22:21:31', 'XXL', '', 'CRON', '0 0 0 * * ? *', 'DO_NOTHING', 'FIRST', 'demoJobHandler', '', 'SERIAL_EXECUTION', 0, 0, 'BEAN', '', 'GLUE代码初始化', '2018-11-03 22:21:31', '', 0, 0, 0);
INSERT INTO `xxl_job_info` (`id`, `job_group`, `job_desc`, `add_time`, `update_time`, `author`, `alarm_email`, `schedule_type`, `schedule_conf`, `misfire_strategy`, `executor_route_strategy`, `executor_handler`, `executor_param`, `executor_block_strategy`, `executor_timeout`, `executor_fail_retry_count`, `glue_type`, `glue_source`, `glue_remark`, `glue_updatetime`, `child_jobid`, `trigger_status`, `trigger_last_time`, `trigger_next_time`) VALUES (2, 2, '视频转码', '2023-08-26 09:34:59', '2023-08-29 12:31:35', 'xxlJob', '2627311935@qq.com', 'CRON', '0 0/1 * * * ?', 'DO_NOTHING', 'SHARDING_BROADCAST', 'videoJobHandler', '', 'DISCARD_LATER', 0, 0, 'BEAN', '', 'GLUE代码初始化', '2023-08-26 09:34:59', '', 0, 0, 0);
INSERT INTO `xxl_job_info` (`id`, `job_group`, `job_desc`, `add_time`, `update_time`, `author`, `alarm_email`, `schedule_type`, `schedule_conf`, `misfire_strategy`, `executor_route_strategy`, `executor_handler`, `executor_param`, `executor_block_strategy`, `executor_timeout`, `executor_fail_retry_count`, `glue_type`, `glue_source`, `glue_remark`, `glue_updatetime`, `child_jobid`, `trigger_status`, `trigger_last_time`, `trigger_next_time`) VALUES (3, 3, '课程发布任务', '2023-08-29 08:27:14', '2023-09-03 12:09:20', 'swcode', '2627311935@qq.com', 'CRON', '0/10 * * * * ?', 'DO_NOTHING', 'SHARDING_BROADCAST', 'CoursePublishJobHandler', '', 'DISCARD_LATER', 0, 0, 'BEAN', '', 'GLUE代码初始化', '2023-08-29 08:27:14', '', 0, 0, 0);
COMMIT;

-- ----------------------------
-- Table structure for xxl_job_lock
-- ----------------------------
DROP TABLE IF EXISTS `xxl_job_lock`;
CREATE TABLE `xxl_job_lock` (
  `lock_name` varchar(50) NOT NULL COMMENT '锁名称',
  PRIMARY KEY (`lock_name`)
) ENGINE=InnoDB DEFAULT CHARSET=utf8mb4 COLLATE=utf8mb4_0900_ai_ci;

-- ----------------------------
-- Records of xxl_job_lock
-- ----------------------------
BEGIN;
INSERT INTO `xxl_job_lock` (`lock_name`) VALUES ('schedule_lock');
COMMIT;

-- ----------------------------
-- Table structure for xxl_job_log
-- ----------------------------
DROP TABLE IF EXISTS `xxl_job_log`;
CREATE TABLE `xxl_job_log` (
  `id` bigint NOT NULL AUTO_INCREMENT,
  `job_group` int NOT NULL COMMENT '执行器主键ID',
  `job_id` int NOT NULL COMMENT '任务，主键ID',
  `executor_address` varchar(255) DEFAULT NULL COMMENT '执行器地址，本次执行的地址',
  `executor_handler` varchar(255) DEFAULT NULL COMMENT '执行器任务handler',
  `executor_param` varchar(512) DEFAULT NULL COMMENT '执行器任务参数',
  `executor_sharding_param` varchar(20) DEFAULT NULL COMMENT '执行器任务分片参数，格式如 1/2',
  `executor_fail_retry_count` int NOT NULL DEFAULT '0' COMMENT '失败重试次数',
  `trigger_time` datetime DEFAULT NULL COMMENT '调度-时间',
  `trigger_code` int NOT NULL COMMENT '调度-结果',
  `trigger_msg` text COMMENT '调度-日志',
  `handle_time` datetime DEFAULT NULL COMMENT '执行-时间',
  `handle_code` int NOT NULL COMMENT '执行-状态',
  `handle_msg` text COMMENT '执行-日志',
  `alarm_status` tinyint NOT NULL DEFAULT '0' COMMENT '告警状态：0-默认、1-无需告警、2-告警成功、3-告警失败',
  PRIMARY KEY (`id`),
  KEY `I_trigger_time` (`trigger_time`),
  KEY `I_handle_code` (`handle_code`)
) ENGINE=InnoDB AUTO_INCREMENT=669 DEFAULT CHARSET=utf8mb4 COLLATE=utf8mb4_0900_ai_ci;

-- ----------------------------
-- Records of xxl_job_log
-- ----------------------------
BEGIN;
INSERT INTO `xxl_job_log` (`id`, `job_group`, `job_id`, `executor_address`, `executor_handler`, `executor_param`, `executor_sharding_param`, `executor_fail_retry_count`, `trigger_time`, `trigger_code`, `trigger_msg`, `handle_time`, `handle_code`, `handle_msg`, `alarm_status`) VALUES (469, 3, 3, 'http://172.27.176.225:8999/', 'CoursePublishJobHandler', '', '0/1', 0, '2023-08-29 12:27:50', 200, '任务触发类型：Cron触发<br>调度机器：172.17.0.2<br>执行器-注册方式：自动注册<br>执行器-地址列表：[http://172.27.176.225:8999/]<br>路由策略：分片广播(0/1)<br>阻塞处理策略：丢弃后续调度<br>任务超时时间：0<br>失败重试次数：0<br><br><span style=\"color:#00c0ef;\" > >>>>>>>>>>>触发调度<<<<<<<<<<< </span><br>触发调度：<br>address：http://172.27.176.225:8999/<br>code：200<br>msg：null', '2023-08-29 12:29:04', 200, '', 0);
INSERT INTO `xxl_job_log` (`id`, `job_group`, `job_id`, `executor_address`, `executor_handler`, `executor_param`, `executor_sharding_param`, `executor_fail_retry_count`, `trigger_time`, `trigger_code`, `trigger_msg`, `handle_time`, `handle_code`, `handle_msg`, `alarm_status`) VALUES (470, 2, 2, 'http://172.27.176.225:9999/', 'videoJobHandler', '', '0/1', 0, '2023-08-29 12:28:00', 200, '任务触发类型：Cron触发<br>调度机器：172.17.0.2<br>执行器-注册方式：自动注册<br>执行器-地址列表：[http://172.27.176.225:9999/]<br>路由策略：分片广播(0/1)<br>阻塞处理策略：丢弃后续调度<br>任务超时时间：0<br>失败重试次数：0<br><br><span style=\"color:#00c0ef;\" > >>>>>>>>>>>触发调度<<<<<<<<<<< </span><br>触发调度：<br>address：http://172.27.176.225:9999/<br>code：200<br>msg：null', '2023-08-29 12:28:00', 200, '', 0);
INSERT INTO `xxl_job_log` (`id`, `job_group`, `job_id`, `executor_address`, `executor_handler`, `executor_param`, `executor_sharding_param`, `executor_fail_retry_count`, `trigger_time`, `trigger_code`, `trigger_msg`, `handle_time`, `handle_code`, `handle_msg`, `alarm_status`) VALUES (471, 3, 3, 'http://172.27.176.225:8999/', 'CoursePublishJobHandler', '', '0/1', 0, '2023-08-29 12:28:00', 500, '任务触发类型：Cron触发<br>调度机器：172.17.0.2<br>执行器-注册方式：自动注册<br>执行器-地址列表：[http://172.27.176.225:8999/]<br>路由策略：分片广播(0/1)<br>阻塞处理策略：丢弃后续调度<br>任务超时时间：0<br>失败重试次数：0<br><br><span style=\"color:#00c0ef;\" > >>>>>>>>>>>触发调度<<<<<<<<<<< </span><br>触发调度：<br>address：http://172.27.176.225:8999/<br>code：500<br>msg：xxl-rpc remoting error(Read timed out), for url : http://172.27.176.225:8999/run', NULL, 0, NULL, 3);
INSERT INTO `xxl_job_log` (`id`, `job_group`, `job_id`, `executor_address`, `executor_handler`, `executor_param`, `executor_sharding_param`, `executor_fail_retry_count`, `trigger_time`, `trigger_code`, `trigger_msg`, `handle_time`, `handle_code`, `handle_msg`, `alarm_status`) VALUES (472, 3, 3, 'http://172.27.176.225:8999/', 'CoursePublishJobHandler', '', '0/1', 0, '2023-08-29 12:28:50', 500, '任务触发类型：Cron触发<br>调度机器：172.17.0.2<br>执行器-注册方式：自动注册<br>执行器-地址列表：[http://172.27.176.225:8999/]<br>路由策略：分片广播(0/1)<br>阻塞处理策略：丢弃后续调度<br>任务超时时间：0<br>失败重试次数：0<br><br><span style=\"color:#00c0ef;\" > >>>>>>>>>>>触发调度<<<<<<<<<<< </span><br>触发调度：<br>address：http://172.27.176.225:8999/<br>code：500<br>msg：xxl-rpc remoting error(Read timed out), for url : http://172.27.176.225:8999/run', '2023-08-29 12:30:34', 200, '', 3);
INSERT INTO `xxl_job_log` (`id`, `job_group`, `job_id`, `executor_address`, `executor_handler`, `executor_param`, `executor_sharding_param`, `executor_fail_retry_count`, `trigger_time`, `trigger_code`, `trigger_msg`, `handle_time`, `handle_code`, `handle_msg`, `alarm_status`) VALUES (473, 2, 2, 'http://172.27.176.225:9999/', 'videoJobHandler', '', '0/1', 0, '2023-08-29 12:29:00', 200, '任务触发类型：Cron触发<br>调度机器：172.17.0.2<br>执行器-注册方式：自动注册<br>执行器-地址列表：[http://172.27.176.225:9999/]<br>路由策略：分片广播(0/1)<br>阻塞处理策略：丢弃后续调度<br>任务超时时间：0<br>失败重试次数：0<br><br><span style=\"color:#00c0ef;\" > >>>>>>>>>>>触发调度<<<<<<<<<<< </span><br>触发调度：<br>address：http://172.27.176.225:9999/<br>code：200<br>msg：null', '2023-08-29 12:29:00', 200, '', 0);
INSERT INTO `xxl_job_log` (`id`, `job_group`, `job_id`, `executor_address`, `executor_handler`, `executor_param`, `executor_sharding_param`, `executor_fail_retry_count`, `trigger_time`, `trigger_code`, `trigger_msg`, `handle_time`, `handle_code`, `handle_msg`, `alarm_status`) VALUES (474, 3, 3, 'http://172.27.176.225:8999/', 'CoursePublishJobHandler', '', '0/1', 0, '2023-08-29 12:29:00', 500, '任务触发类型：Cron触发<br>调度机器：172.17.0.2<br>执行器-注册方式：自动注册<br>执行器-地址列表：[http://172.27.176.225:8999/]<br>路由策略：分片广播(0/1)<br>阻塞处理策略：丢弃后续调度<br>任务超时时间：0<br>失败重试次数：0<br><br><span style=\"color:#00c0ef;\" > >>>>>>>>>>>触发调度<<<<<<<<<<< </span><br>触发调度：<br>address：http://172.27.176.225:8999/<br>code：500<br>msg：xxl-rpc remoting error(Read timed out), for url : http://172.27.176.225:8999/run', NULL, 0, NULL, 3);
INSERT INTO `xxl_job_log` (`id`, `job_group`, `job_id`, `executor_address`, `executor_handler`, `executor_param`, `executor_sharding_param`, `executor_fail_retry_count`, `trigger_time`, `trigger_code`, `trigger_msg`, `handle_time`, `handle_code`, `handle_msg`, `alarm_status`) VALUES (475, 3, 3, 'http://172.27.176.225:8999/', 'CoursePublishJobHandler', '', '0/1', 0, '2023-08-29 12:29:50', 500, '任务触发类型：Cron触发<br>调度机器：172.17.0.2<br>执行器-注册方式：自动注册<br>执行器-地址列表：[http://172.27.176.225:8999/]<br>路由策略：分片广播(0/1)<br>阻塞处理策略：丢弃后续调度<br>任务超时时间：0<br>失败重试次数：0<br><br><span style=\"color:#00c0ef;\" > >>>>>>>>>>>触发调度<<<<<<<<<<< </span><br>触发调度：<br>address：http://172.27.176.225:8999/<br>code：500<br>msg：xxl-rpc remoting error(Read timed out), for url : http://172.27.176.225:8999/run', '2023-08-29 12:30:34', 200, '', 3);
INSERT INTO `xxl_job_log` (`id`, `job_group`, `job_id`, `executor_address`, `executor_handler`, `executor_param`, `executor_sharding_param`, `executor_fail_retry_count`, `trigger_time`, `trigger_code`, `trigger_msg`, `handle_time`, `handle_code`, `handle_msg`, `alarm_status`) VALUES (476, 2, 2, 'http://172.27.176.225:9999/', 'videoJobHandler', '', '0/1', 0, '2023-08-29 12:30:00', 200, '任务触发类型：Cron触发<br>调度机器：172.17.0.2<br>执行器-注册方式：自动注册<br>执行器-地址列表：[http://172.27.176.225:9999/]<br>路由策略：分片广播(0/1)<br>阻塞处理策略：丢弃后续调度<br>任务超时时间：0<br>失败重试次数：0<br><br><span style=\"color:#00c0ef;\" > >>>>>>>>>>>触发调度<<<<<<<<<<< </span><br>触发调度：<br>address：http://172.27.176.225:9999/<br>code：200<br>msg：null', '2023-08-29 12:30:00', 200, '', 0);
INSERT INTO `xxl_job_log` (`id`, `job_group`, `job_id`, `executor_address`, `executor_handler`, `executor_param`, `executor_sharding_param`, `executor_fail_retry_count`, `trigger_time`, `trigger_code`, `trigger_msg`, `handle_time`, `handle_code`, `handle_msg`, `alarm_status`) VALUES (477, 3, 3, 'http://172.27.176.225:8999/', 'CoursePublishJobHandler', '', '0/1', 0, '2023-08-29 12:30:00', 500, '任务触发类型：Cron触发<br>调度机器：172.17.0.2<br>执行器-注册方式：自动注册<br>执行器-地址列表：[http://172.27.176.225:8999/]<br>路由策略：分片广播(0/1)<br>阻塞处理策略：丢弃后续调度<br>任务超时时间：0<br>失败重试次数：0<br><br><span style=\"color:#00c0ef;\" > >>>>>>>>>>>触发调度<<<<<<<<<<< </span><br>触发调度：<br>address：http://172.27.176.225:8999/<br>code：500<br>msg：xxl-rpc remoting error(Read timed out), for url : http://172.27.176.225:8999/run', NULL, 0, NULL, 3);
INSERT INTO `xxl_job_log` (`id`, `job_group`, `job_id`, `executor_address`, `executor_handler`, `executor_param`, `executor_sharding_param`, `executor_fail_retry_count`, `trigger_time`, `trigger_code`, `trigger_msg`, `handle_time`, `handle_code`, `handle_msg`, `alarm_status`) VALUES (478, 3, 3, 'http://172.27.176.225:8999/', 'CoursePublishJobHandler', '', '0/1', 0, '2023-08-29 12:30:50', 500, '任务触发类型：Cron触发<br>调度机器：172.17.0.2<br>执行器-注册方式：自动注册<br>执行器-地址列表：[http://172.27.176.225:8999/]<br>路由策略：分片广播(0/1)<br>阻塞处理策略：丢弃后续调度<br>任务超时时间：0<br>失败重试次数：0<br><br><span style=\"color:#00c0ef;\" > >>>>>>>>>>>触发调度<<<<<<<<<<< </span><br>触发调度：<br>address：http://172.27.176.225:8999/<br>code：500<br>msg：xxl-rpc remoting error(Connection refused (Connection refused)), for url : http://172.27.176.225:8999/run', NULL, 0, NULL, 3);
INSERT INTO `xxl_job_log` (`id`, `job_group`, `job_id`, `executor_address`, `executor_handler`, `executor_param`, `executor_sharding_param`, `executor_fail_retry_count`, `trigger_time`, `trigger_code`, `trigger_msg`, `handle_time`, `handle_code`, `handle_msg`, `alarm_status`) VALUES (479, 2, 2, 'http://172.27.176.225:9999/', 'videoJobHandler', '', '0/1', 0, '2023-08-29 12:31:00', 200, '任务触发类型：Cron触发<br>调度机器：172.17.0.2<br>执行器-注册方式：自动注册<br>执行器-地址列表：[http://172.27.176.225:9999/]<br>路由策略：分片广播(0/1)<br>阻塞处理策略：丢弃后续调度<br>任务超时时间：0<br>失败重试次数：0<br><br><span style=\"color:#00c0ef;\" > >>>>>>>>>>>触发调度<<<<<<<<<<< </span><br>触发调度：<br>address：http://172.27.176.225:9999/<br>code：200<br>msg：null', '2023-08-29 12:31:00', 200, '', 0);
INSERT INTO `xxl_job_log` (`id`, `job_group`, `job_id`, `executor_address`, `executor_handler`, `executor_param`, `executor_sharding_param`, `executor_fail_retry_count`, `trigger_time`, `trigger_code`, `trigger_msg`, `handle_time`, `handle_code`, `handle_msg`, `alarm_status`) VALUES (480, 3, 3, 'http://172.27.176.225:8999/', 'CoursePublishJobHandler', '', '0/1', 0, '2023-08-29 12:31:00', 200, '任务触发类型：Cron触发<br>调度机器：172.17.0.2<br>执行器-注册方式：自动注册<br>执行器-地址列表：[http://172.27.176.225:8999/]<br>路由策略：分片广播(0/1)<br>阻塞处理策略：丢弃后续调度<br>任务超时时间：0<br>失败重试次数：0<br><br><span style=\"color:#00c0ef;\" > >>>>>>>>>>>触发调度<<<<<<<<<<< </span><br>触发调度：<br>address：http://172.27.176.225:8999/<br>code：200<br>msg：null', '2023-08-29 12:31:00', 200, '', 0);
INSERT INTO `xxl_job_log` (`id`, `job_group`, `job_id`, `executor_address`, `executor_handler`, `executor_param`, `executor_sharding_param`, `executor_fail_retry_count`, `trigger_time`, `trigger_code`, `trigger_msg`, `handle_time`, `handle_code`, `handle_msg`, `alarm_status`) VALUES (481, 3, 3, 'http://172.27.176.225:8999/', 'CoursePublishJobHandler', '', '0/1', 0, '2023-08-29 12:31:50', 200, '任务触发类型：Cron触发<br>调度机器：172.17.0.2<br>执行器-注册方式：自动注册<br>执行器-地址列表：[http://172.27.176.225:8999/]<br>路由策略：分片广播(0/1)<br>阻塞处理策略：丢弃后续调度<br>任务超时时间：0<br>失败重试次数：0<br><br><span style=\"color:#00c0ef;\" > >>>>>>>>>>>触发调度<<<<<<<<<<< </span><br>触发调度：<br>address：http://172.27.176.225:8999/<br>code：200<br>msg：null', '2023-08-29 12:31:50', 200, '', 0);
INSERT INTO `xxl_job_log` (`id`, `job_group`, `job_id`, `executor_address`, `executor_handler`, `executor_param`, `executor_sharding_param`, `executor_fail_retry_count`, `trigger_time`, `trigger_code`, `trigger_msg`, `handle_time`, `handle_code`, `handle_msg`, `alarm_status`) VALUES (482, 3, 3, 'http://172.27.176.225:8999/', 'CoursePublishJobHandler', '', '0/1', 0, '2023-08-29 12:32:00', 200, '任务触发类型：Cron触发<br>调度机器：172.17.0.2<br>执行器-注册方式：自动注册<br>执行器-地址列表：[http://172.27.176.225:8999/]<br>路由策略：分片广播(0/1)<br>阻塞处理策略：丢弃后续调度<br>任务超时时间：0<br>失败重试次数：0<br><br><span style=\"color:#00c0ef;\" > >>>>>>>>>>>触发调度<<<<<<<<<<< </span><br>触发调度：<br>address：http://172.27.176.225:8999/<br>code：200<br>msg：null', '2023-08-29 12:32:00', 200, '', 0);
INSERT INTO `xxl_job_log` (`id`, `job_group`, `job_id`, `executor_address`, `executor_handler`, `executor_param`, `executor_sharding_param`, `executor_fail_retry_count`, `trigger_time`, `trigger_code`, `trigger_msg`, `handle_time`, `handle_code`, `handle_msg`, `alarm_status`) VALUES (483, 3, 3, 'http://172.27.176.225:8999/', 'CoursePublishJobHandler', '', '0/1', 0, '2023-08-29 12:32:50', 200, '任务触发类型：Cron触发<br>调度机器：172.17.0.2<br>执行器-注册方式：自动注册<br>执行器-地址列表：[http://172.27.176.225:8999/]<br>路由策略：分片广播(0/1)<br>阻塞处理策略：丢弃后续调度<br>任务超时时间：0<br>失败重试次数：0<br><br><span style=\"color:#00c0ef;\" > >>>>>>>>>>>触发调度<<<<<<<<<<< </span><br>触发调度：<br>address：http://172.27.176.225:8999/<br>code：200<br>msg：null', '2023-08-29 12:32:50', 200, '', 0);
INSERT INTO `xxl_job_log` (`id`, `job_group`, `job_id`, `executor_address`, `executor_handler`, `executor_param`, `executor_sharding_param`, `executor_fail_retry_count`, `trigger_time`, `trigger_code`, `trigger_msg`, `handle_time`, `handle_code`, `handle_msg`, `alarm_status`) VALUES (484, 3, 3, 'http://172.27.176.225:8999/', 'CoursePublishJobHandler', '', '0/1', 0, '2023-08-29 12:33:00', 200, '任务触发类型：Cron触发<br>调度机器：172.17.0.2<br>执行器-注册方式：自动注册<br>执行器-地址列表：[http://172.27.176.225:8999/]<br>路由策略：分片广播(0/1)<br>阻塞处理策略：丢弃后续调度<br>任务超时时间：0<br>失败重试次数：0<br><br><span style=\"color:#00c0ef;\" > >>>>>>>>>>>触发调度<<<<<<<<<<< </span><br>触发调度：<br>address：http://172.27.176.225:8999/<br>code：200<br>msg：null', '2023-08-29 12:33:00', 200, '', 0);
INSERT INTO `xxl_job_log` (`id`, `job_group`, `job_id`, `executor_address`, `executor_handler`, `executor_param`, `executor_sharding_param`, `executor_fail_retry_count`, `trigger_time`, `trigger_code`, `trigger_msg`, `handle_time`, `handle_code`, `handle_msg`, `alarm_status`) VALUES (485, 3, 3, 'http://172.27.176.225:8999/', 'CoursePublishJobHandler', '', '0/1', 0, '2023-08-29 12:33:50', 200, '任务触发类型：Cron触发<br>调度机器：172.17.0.2<br>执行器-注册方式：自动注册<br>执行器-地址列表：[http://172.27.176.225:8999/]<br>路由策略：分片广播(0/1)<br>阻塞处理策略：丢弃后续调度<br>任务超时时间：0<br>失败重试次数：0<br><br><span style=\"color:#00c0ef;\" > >>>>>>>>>>>触发调度<<<<<<<<<<< </span><br>触发调度：<br>address：http://172.27.176.225:8999/<br>code：200<br>msg：null', '2023-08-29 12:33:50', 200, '', 0);
INSERT INTO `xxl_job_log` (`id`, `job_group`, `job_id`, `executor_address`, `executor_handler`, `executor_param`, `executor_sharding_param`, `executor_fail_retry_count`, `trigger_time`, `trigger_code`, `trigger_msg`, `handle_time`, `handle_code`, `handle_msg`, `alarm_status`) VALUES (486, 3, 3, 'http://172.27.176.225:8999/', 'CoursePublishJobHandler', '', '0/1', 0, '2023-08-29 12:34:00', 200, '任务触发类型：Cron触发<br>调度机器：172.17.0.2<br>执行器-注册方式：自动注册<br>执行器-地址列表：[http://172.27.176.225:8999/]<br>路由策略：分片广播(0/1)<br>阻塞处理策略：丢弃后续调度<br>任务超时时间：0<br>失败重试次数：0<br><br><span style=\"color:#00c0ef;\" > >>>>>>>>>>>触发调度<<<<<<<<<<< </span><br>触发调度：<br>address：http://172.27.176.225:8999/<br>code：200<br>msg：null', '2023-08-29 12:34:00', 200, '', 0);
INSERT INTO `xxl_job_log` (`id`, `job_group`, `job_id`, `executor_address`, `executor_handler`, `executor_param`, `executor_sharding_param`, `executor_fail_retry_count`, `trigger_time`, `trigger_code`, `trigger_msg`, `handle_time`, `handle_code`, `handle_msg`, `alarm_status`) VALUES (487, 3, 3, 'http://172.27.176.225:8999/', 'CoursePublishJobHandler', '', '0/1', 0, '2023-08-29 12:34:50', 200, '任务触发类型：Cron触发<br>调度机器：172.17.0.2<br>执行器-注册方式：自动注册<br>执行器-地址列表：[http://172.27.176.225:8999/]<br>路由策略：分片广播(0/1)<br>阻塞处理策略：丢弃后续调度<br>任务超时时间：0<br>失败重试次数：0<br><br><span style=\"color:#00c0ef;\" > >>>>>>>>>>>触发调度<<<<<<<<<<< </span><br>触发调度：<br>address：http://172.27.176.225:8999/<br>code：200<br>msg：null', '2023-08-29 12:34:50', 200, '', 0);
INSERT INTO `xxl_job_log` (`id`, `job_group`, `job_id`, `executor_address`, `executor_handler`, `executor_param`, `executor_sharding_param`, `executor_fail_retry_count`, `trigger_time`, `trigger_code`, `trigger_msg`, `handle_time`, `handle_code`, `handle_msg`, `alarm_status`) VALUES (488, 3, 3, 'http://172.27.176.225:8999/', 'CoursePublishJobHandler', '', '0/1', 0, '2023-08-29 12:35:00', 200, '任务触发类型：Cron触发<br>调度机器：172.17.0.2<br>执行器-注册方式：自动注册<br>执行器-地址列表：[http://172.27.176.225:8999/]<br>路由策略：分片广播(0/1)<br>阻塞处理策略：丢弃后续调度<br>任务超时时间：0<br>失败重试次数：0<br><br><span style=\"color:#00c0ef;\" > >>>>>>>>>>>触发调度<<<<<<<<<<< </span><br>触发调度：<br>address：http://172.27.176.225:8999/<br>code：200<br>msg：null', '2023-08-29 12:35:00', 200, '', 0);
INSERT INTO `xxl_job_log` (`id`, `job_group`, `job_id`, `executor_address`, `executor_handler`, `executor_param`, `executor_sharding_param`, `executor_fail_retry_count`, `trigger_time`, `trigger_code`, `trigger_msg`, `handle_time`, `handle_code`, `handle_msg`, `alarm_status`) VALUES (489, 3, 3, 'http://172.27.176.225:8999/', 'CoursePublishJobHandler', '', '0/1', 0, '2023-08-29 12:35:50', 200, '任务触发类型：Cron触发<br>调度机器：172.17.0.2<br>执行器-注册方式：自动注册<br>执行器-地址列表：[http://172.27.176.225:8999/]<br>路由策略：分片广播(0/1)<br>阻塞处理策略：丢弃后续调度<br>任务超时时间：0<br>失败重试次数：0<br><br><span style=\"color:#00c0ef;\" > >>>>>>>>>>>触发调度<<<<<<<<<<< </span><br>触发调度：<br>address：http://172.27.176.225:8999/<br>code：200<br>msg：null', '2023-08-29 12:35:50', 200, '', 0);
INSERT INTO `xxl_job_log` (`id`, `job_group`, `job_id`, `executor_address`, `executor_handler`, `executor_param`, `executor_sharding_param`, `executor_fail_retry_count`, `trigger_time`, `trigger_code`, `trigger_msg`, `handle_time`, `handle_code`, `handle_msg`, `alarm_status`) VALUES (490, 3, 3, 'http://172.27.176.225:8999/', 'CoursePublishJobHandler', '', '0/1', 0, '2023-08-29 12:36:00', 200, '任务触发类型：Cron触发<br>调度机器：172.17.0.2<br>执行器-注册方式：自动注册<br>执行器-地址列表：[http://172.27.176.225:8999/]<br>路由策略：分片广播(0/1)<br>阻塞处理策略：丢弃后续调度<br>任务超时时间：0<br>失败重试次数：0<br><br><span style=\"color:#00c0ef;\" > >>>>>>>>>>>触发调度<<<<<<<<<<< </span><br>触发调度：<br>address：http://172.27.176.225:8999/<br>code：200<br>msg：null', '2023-08-29 12:36:00', 200, '', 0);
INSERT INTO `xxl_job_log` (`id`, `job_group`, `job_id`, `executor_address`, `executor_handler`, `executor_param`, `executor_sharding_param`, `executor_fail_retry_count`, `trigger_time`, `trigger_code`, `trigger_msg`, `handle_time`, `handle_code`, `handle_msg`, `alarm_status`) VALUES (491, 3, 3, 'http://172.27.176.225:8999/', 'CoursePublishJobHandler', '', '0/1', 0, '2023-08-29 12:36:50', 200, '任务触发类型：Cron触发<br>调度机器：172.17.0.2<br>执行器-注册方式：自动注册<br>执行器-地址列表：[http://172.27.176.225:8999/]<br>路由策略：分片广播(0/1)<br>阻塞处理策略：丢弃后续调度<br>任务超时时间：0<br>失败重试次数：0<br><br><span style=\"color:#00c0ef;\" > >>>>>>>>>>>触发调度<<<<<<<<<<< </span><br>触发调度：<br>address：http://172.27.176.225:8999/<br>code：200<br>msg：null', '2023-08-29 12:37:48', 200, '', 0);
INSERT INTO `xxl_job_log` (`id`, `job_group`, `job_id`, `executor_address`, `executor_handler`, `executor_param`, `executor_sharding_param`, `executor_fail_retry_count`, `trigger_time`, `trigger_code`, `trigger_msg`, `handle_time`, `handle_code`, `handle_msg`, `alarm_status`) VALUES (492, 3, 3, 'http://172.27.176.225:8999/', 'CoursePublishJobHandler', '', '0/1', 0, '2023-08-29 12:37:00', 500, '任务触发类型：Cron触发<br>调度机器：172.17.0.2<br>执行器-注册方式：自动注册<br>执行器-地址列表：[http://172.27.176.225:8999/]<br>路由策略：分片广播(0/1)<br>阻塞处理策略：丢弃后续调度<br>任务超时时间：0<br>失败重试次数：0<br><br><span style=\"color:#00c0ef;\" > >>>>>>>>>>>触发调度<<<<<<<<<<< </span><br>触发调度：<br>address：http://172.27.176.225:8999/<br>code：500<br>msg：xxl-rpc remoting error(Read timed out), for url : http://172.27.176.225:8999/run', NULL, 0, NULL, 3);
INSERT INTO `xxl_job_log` (`id`, `job_group`, `job_id`, `executor_address`, `executor_handler`, `executor_param`, `executor_sharding_param`, `executor_fail_retry_count`, `trigger_time`, `trigger_code`, `trigger_msg`, `handle_time`, `handle_code`, `handle_msg`, `alarm_status`) VALUES (493, 3, 3, 'http://172.27.176.225:8999/', 'CoursePublishJobHandler', '', '0/1', 0, '2023-08-29 12:37:50', 200, '任务触发类型：Cron触发<br>调度机器：172.17.0.2<br>执行器-注册方式：自动注册<br>执行器-地址列表：[http://172.27.176.225:8999/]<br>路由策略：分片广播(0/1)<br>阻塞处理策略：丢弃后续调度<br>任务超时时间：0<br>失败重试次数：0<br><br><span style=\"color:#00c0ef;\" > >>>>>>>>>>>触发调度<<<<<<<<<<< </span><br>触发调度：<br>address：http://172.27.176.225:8999/<br>code：200<br>msg：null', '2023-08-29 12:37:50', 200, '', 0);
INSERT INTO `xxl_job_log` (`id`, `job_group`, `job_id`, `executor_address`, `executor_handler`, `executor_param`, `executor_sharding_param`, `executor_fail_retry_count`, `trigger_time`, `trigger_code`, `trigger_msg`, `handle_time`, `handle_code`, `handle_msg`, `alarm_status`) VALUES (494, 3, 3, 'http://172.27.176.225:8999/', 'CoursePublishJobHandler', '', '0/1', 0, '2023-08-29 12:38:00', 200, '任务触发类型：Cron触发<br>调度机器：172.17.0.2<br>执行器-注册方式：自动注册<br>执行器-地址列表：[http://172.27.176.225:8999/]<br>路由策略：分片广播(0/1)<br>阻塞处理策略：丢弃后续调度<br>任务超时时间：0<br>失败重试次数：0<br><br><span style=\"color:#00c0ef;\" > >>>>>>>>>>>触发调度<<<<<<<<<<< </span><br>触发调度：<br>address：http://172.27.176.225:8999/<br>code：200<br>msg：null', '2023-08-29 12:38:00', 200, '', 0);
INSERT INTO `xxl_job_log` (`id`, `job_group`, `job_id`, `executor_address`, `executor_handler`, `executor_param`, `executor_sharding_param`, `executor_fail_retry_count`, `trigger_time`, `trigger_code`, `trigger_msg`, `handle_time`, `handle_code`, `handle_msg`, `alarm_status`) VALUES (495, 3, 3, 'http://172.27.176.225:8999/', 'CoursePublishJobHandler', '', '0/1', 0, '2023-08-29 12:38:50', 200, '任务触发类型：Cron触发<br>调度机器：172.17.0.2<br>执行器-注册方式：自动注册<br>执行器-地址列表：[http://172.27.176.225:8999/]<br>路由策略：分片广播(0/1)<br>阻塞处理策略：丢弃后续调度<br>任务超时时间：0<br>失败重试次数：0<br><br><span style=\"color:#00c0ef;\" > >>>>>>>>>>>触发调度<<<<<<<<<<< </span><br>触发调度：<br>address：http://172.27.176.225:8999/<br>code：200<br>msg：null', '2023-08-29 12:38:50', 200, '', 0);
INSERT INTO `xxl_job_log` (`id`, `job_group`, `job_id`, `executor_address`, `executor_handler`, `executor_param`, `executor_sharding_param`, `executor_fail_retry_count`, `trigger_time`, `trigger_code`, `trigger_msg`, `handle_time`, `handle_code`, `handle_msg`, `alarm_status`) VALUES (496, 3, 3, 'http://172.27.176.225:8999/', 'CoursePublishJobHandler', '', '0/1', 0, '2023-08-29 12:39:00', 200, '任务触发类型：Cron触发<br>调度机器：172.17.0.2<br>执行器-注册方式：自动注册<br>执行器-地址列表：[http://172.27.176.225:8999/]<br>路由策略：分片广播(0/1)<br>阻塞处理策略：丢弃后续调度<br>任务超时时间：0<br>失败重试次数：0<br><br><span style=\"color:#00c0ef;\" > >>>>>>>>>>>触发调度<<<<<<<<<<< </span><br>触发调度：<br>address：http://172.27.176.225:8999/<br>code：200<br>msg：null', '2023-08-29 12:39:00', 200, '', 0);
INSERT INTO `xxl_job_log` (`id`, `job_group`, `job_id`, `executor_address`, `executor_handler`, `executor_param`, `executor_sharding_param`, `executor_fail_retry_count`, `trigger_time`, `trigger_code`, `trigger_msg`, `handle_time`, `handle_code`, `handle_msg`, `alarm_status`) VALUES (497, 3, 3, 'http://172.27.176.225:8999/', 'CoursePublishJobHandler', '', '0/1', 0, '2023-08-29 12:39:50', 200, '任务触发类型：Cron触发<br>调度机器：172.17.0.2<br>执行器-注册方式：自动注册<br>执行器-地址列表：[http://172.27.176.225:8999/]<br>路由策略：分片广播(0/1)<br>阻塞处理策略：丢弃后续调度<br>任务超时时间：0<br>失败重试次数：0<br><br><span style=\"color:#00c0ef;\" > >>>>>>>>>>>触发调度<<<<<<<<<<< </span><br>触发调度：<br>address：http://172.27.176.225:8999/<br>code：200<br>msg：null', '2023-08-29 12:40:27', 200, '', 0);
INSERT INTO `xxl_job_log` (`id`, `job_group`, `job_id`, `executor_address`, `executor_handler`, `executor_param`, `executor_sharding_param`, `executor_fail_retry_count`, `trigger_time`, `trigger_code`, `trigger_msg`, `handle_time`, `handle_code`, `handle_msg`, `alarm_status`) VALUES (498, 3, 3, 'http://172.27.176.225:8999/', 'CoursePublishJobHandler', '', '0/1', 0, '2023-08-29 12:40:00', 500, '任务触发类型：Cron触发<br>调度机器：172.17.0.2<br>执行器-注册方式：自动注册<br>执行器-地址列表：[http://172.27.176.225:8999/]<br>路由策略：分片广播(0/1)<br>阻塞处理策略：丢弃后续调度<br>任务超时时间：0<br>失败重试次数：0<br><br><span style=\"color:#00c0ef;\" > >>>>>>>>>>>触发调度<<<<<<<<<<< </span><br>触发调度：<br>address：http://172.27.176.225:8999/<br>code：500<br>msg：xxl-rpc remoting error(Read timed out), for url : http://172.27.176.225:8999/run', NULL, 0, NULL, 3);
INSERT INTO `xxl_job_log` (`id`, `job_group`, `job_id`, `executor_address`, `executor_handler`, `executor_param`, `executor_sharding_param`, `executor_fail_retry_count`, `trigger_time`, `trigger_code`, `trigger_msg`, `handle_time`, `handle_code`, `handle_msg`, `alarm_status`) VALUES (499, 3, 3, 'http://172.27.176.225:8999/', 'CoursePublishJobHandler', '', '0/1', 0, '2023-08-29 12:40:50', 200, '任务触发类型：Cron触发<br>调度机器：172.17.0.2<br>执行器-注册方式：自动注册<br>执行器-地址列表：[http://172.27.176.225:8999/]<br>路由策略：分片广播(0/1)<br>阻塞处理策略：丢弃后续调度<br>任务超时时间：0<br>失败重试次数：0<br><br><span style=\"color:#00c0ef;\" > >>>>>>>>>>>触发调度<<<<<<<<<<< </span><br>触发调度：<br>address：http://172.27.176.225:8999/<br>code：200<br>msg：null', '2023-08-29 12:41:15', 200, '', 0);
INSERT INTO `xxl_job_log` (`id`, `job_group`, `job_id`, `executor_address`, `executor_handler`, `executor_param`, `executor_sharding_param`, `executor_fail_retry_count`, `trigger_time`, `trigger_code`, `trigger_msg`, `handle_time`, `handle_code`, `handle_msg`, `alarm_status`) VALUES (500, 3, 3, 'http://172.27.176.225:8999/', 'CoursePublishJobHandler', '', '0/1', 0, '2023-08-29 12:41:00', 500, '任务触发类型：Cron触发<br>调度机器：172.17.0.2<br>执行器-注册方式：自动注册<br>执行器-地址列表：[http://172.27.176.225:8999/]<br>路由策略：分片广播(0/1)<br>阻塞处理策略：丢弃后续调度<br>任务超时时间：0<br>失败重试次数：0<br><br><span style=\"color:#00c0ef;\" > >>>>>>>>>>>触发调度<<<<<<<<<<< </span><br>触发调度：<br>address：http://172.27.176.225:8999/<br>code：500<br>msg：xxl-rpc remoting error(Read timed out), for url : http://172.27.176.225:8999/run', NULL, 0, NULL, 3);
INSERT INTO `xxl_job_log` (`id`, `job_group`, `job_id`, `executor_address`, `executor_handler`, `executor_param`, `executor_sharding_param`, `executor_fail_retry_count`, `trigger_time`, `trigger_code`, `trigger_msg`, `handle_time`, `handle_code`, `handle_msg`, `alarm_status`) VALUES (501, 3, 3, 'http://172.27.176.225:8999/', 'CoursePublishJobHandler', '', '0/1', 0, '2023-08-29 12:41:50', 200, '任务触发类型：Cron触发<br>调度机器：172.17.0.2<br>执行器-注册方式：自动注册<br>执行器-地址列表：[http://172.27.176.225:8999/]<br>路由策略：分片广播(0/1)<br>阻塞处理策略：丢弃后续调度<br>任务超时时间：0<br>失败重试次数：0<br><br><span style=\"color:#00c0ef;\" > >>>>>>>>>>>触发调度<<<<<<<<<<< </span><br>触发调度：<br>address：http://172.27.176.225:8999/<br>code：200<br>msg：null', '2023-08-29 12:52:44', 500, '任务结果丢失，标记失败', 3);
INSERT INTO `xxl_job_log` (`id`, `job_group`, `job_id`, `executor_address`, `executor_handler`, `executor_param`, `executor_sharding_param`, `executor_fail_retry_count`, `trigger_time`, `trigger_code`, `trigger_msg`, `handle_time`, `handle_code`, `handle_msg`, `alarm_status`) VALUES (502, 3, 3, 'http://172.27.176.225:8999/', 'CoursePublishJobHandler', '', '0/1', 0, '2023-08-29 12:42:00', 500, '任务触发类型：Cron触发<br>调度机器：172.17.0.2<br>执行器-注册方式：自动注册<br>执行器-地址列表：[http://172.27.176.225:8999/]<br>路由策略：分片广播(0/1)<br>阻塞处理策略：丢弃后续调度<br>任务超时时间：0<br>失败重试次数：0<br><br><span style=\"color:#00c0ef;\" > >>>>>>>>>>>触发调度<<<<<<<<<<< </span><br>触发调度：<br>address：http://172.27.176.225:8999/<br>code：500<br>msg：xxl-rpc remoting error(Read timed out), for url : http://172.27.176.225:8999/run', '2023-08-29 13:14:37', 200, '', 3);
INSERT INTO `xxl_job_log` (`id`, `job_group`, `job_id`, `executor_address`, `executor_handler`, `executor_param`, `executor_sharding_param`, `executor_fail_retry_count`, `trigger_time`, `trigger_code`, `trigger_msg`, `handle_time`, `handle_code`, `handle_msg`, `alarm_status`) VALUES (503, 3, 3, 'http://172.27.176.225:8999/', 'CoursePublishJobHandler', '', '0/1', 0, '2023-08-29 12:42:50', 500, '任务触发类型：Cron触发<br>调度机器：172.17.0.2<br>执行器-注册方式：自动注册<br>执行器-地址列表：[http://172.27.176.225:8999/]<br>路由策略：分片广播(0/1)<br>阻塞处理策略：丢弃后续调度<br>任务超时时间：0<br>失败重试次数：0<br><br><span style=\"color:#00c0ef;\" > >>>>>>>>>>>触发调度<<<<<<<<<<< </span><br>触发调度：<br>address：http://172.27.176.225:8999/<br>code：500<br>msg：xxl-rpc remoting error(Read timed out), for url : http://172.27.176.225:8999/run', NULL, 0, NULL, 3);
INSERT INTO `xxl_job_log` (`id`, `job_group`, `job_id`, `executor_address`, `executor_handler`, `executor_param`, `executor_sharding_param`, `executor_fail_retry_count`, `trigger_time`, `trigger_code`, `trigger_msg`, `handle_time`, `handle_code`, `handle_msg`, `alarm_status`) VALUES (504, 3, 3, 'http://172.27.176.225:8999/', 'CoursePublishJobHandler', '', '0/1', 0, '2023-08-29 12:43:00', 500, '任务触发类型：Cron触发<br>调度机器：172.17.0.2<br>执行器-注册方式：自动注册<br>执行器-地址列表：[http://172.27.176.225:8999/]<br>路由策略：分片广播(0/1)<br>阻塞处理策略：丢弃后续调度<br>任务超时时间：0<br>失败重试次数：0<br><br><span style=\"color:#00c0ef;\" > >>>>>>>>>>>触发调度<<<<<<<<<<< </span><br>触发调度：<br>address：http://172.27.176.225:8999/<br>code：500<br>msg：xxl-rpc remoting error(Read timed out), for url : http://172.27.176.225:8999/run', NULL, 0, NULL, 3);
INSERT INTO `xxl_job_log` (`id`, `job_group`, `job_id`, `executor_address`, `executor_handler`, `executor_param`, `executor_sharding_param`, `executor_fail_retry_count`, `trigger_time`, `trigger_code`, `trigger_msg`, `handle_time`, `handle_code`, `handle_msg`, `alarm_status`) VALUES (505, 3, 3, NULL, 'CoursePublishJobHandler', '', '0/1', 0, '2023-08-29 12:43:50', 500, '任务触发类型：Cron触发<br>调度机器：172.17.0.2<br>执行器-注册方式：自动注册<br>执行器-地址列表：null<br>路由策略：分片广播(0/1)<br>阻塞处理策略：丢弃后续调度<br>任务超时时间：0<br>失败重试次数：0<br><br><span style=\"color:#00c0ef;\" > >>>>>>>>>>>触发调度<<<<<<<<<<< </span><br>调度失败：执行器地址为空<br><br>', NULL, 0, NULL, 3);
INSERT INTO `xxl_job_log` (`id`, `job_group`, `job_id`, `executor_address`, `executor_handler`, `executor_param`, `executor_sharding_param`, `executor_fail_retry_count`, `trigger_time`, `trigger_code`, `trigger_msg`, `handle_time`, `handle_code`, `handle_msg`, `alarm_status`) VALUES (506, 3, 3, NULL, 'CoursePublishJobHandler', '', '0/1', 0, '2023-08-29 12:44:00', 500, '任务触发类型：Cron触发<br>调度机器：172.17.0.2<br>执行器-注册方式：自动注册<br>执行器-地址列表：null<br>路由策略：分片广播(0/1)<br>阻塞处理策略：丢弃后续调度<br>任务超时时间：0<br>失败重试次数：0<br><br><span style=\"color:#00c0ef;\" > >>>>>>>>>>>触发调度<<<<<<<<<<< </span><br>调度失败：执行器地址为空<br><br>', NULL, 0, NULL, 3);
INSERT INTO `xxl_job_log` (`id`, `job_group`, `job_id`, `executor_address`, `executor_handler`, `executor_param`, `executor_sharding_param`, `executor_fail_retry_count`, `trigger_time`, `trigger_code`, `trigger_msg`, `handle_time`, `handle_code`, `handle_msg`, `alarm_status`) VALUES (507, 3, 3, NULL, 'CoursePublishJobHandler', '', '0/1', 0, '2023-08-29 12:44:50', 500, '任务触发类型：Cron触发<br>调度机器：172.17.0.2<br>执行器-注册方式：自动注册<br>执行器-地址列表：null<br>路由策略：分片广播(0/1)<br>阻塞处理策略：丢弃后续调度<br>任务超时时间：0<br>失败重试次数：0<br><br><span style=\"color:#00c0ef;\" > >>>>>>>>>>>触发调度<<<<<<<<<<< </span><br>调度失败：执行器地址为空<br><br>', NULL, 0, NULL, 3);
INSERT INTO `xxl_job_log` (`id`, `job_group`, `job_id`, `executor_address`, `executor_handler`, `executor_param`, `executor_sharding_param`, `executor_fail_retry_count`, `trigger_time`, `trigger_code`, `trigger_msg`, `handle_time`, `handle_code`, `handle_msg`, `alarm_status`) VALUES (508, 3, 3, NULL, 'CoursePublishJobHandler', '', '0/1', 0, '2023-08-29 12:45:00', 500, '任务触发类型：Cron触发<br>调度机器：172.17.0.2<br>执行器-注册方式：自动注册<br>执行器-地址列表：null<br>路由策略：分片广播(0/1)<br>阻塞处理策略：丢弃后续调度<br>任务超时时间：0<br>失败重试次数：0<br><br><span style=\"color:#00c0ef;\" > >>>>>>>>>>>触发调度<<<<<<<<<<< </span><br>调度失败：执行器地址为空<br><br>', NULL, 0, NULL, 3);
INSERT INTO `xxl_job_log` (`id`, `job_group`, `job_id`, `executor_address`, `executor_handler`, `executor_param`, `executor_sharding_param`, `executor_fail_retry_count`, `trigger_time`, `trigger_code`, `trigger_msg`, `handle_time`, `handle_code`, `handle_msg`, `alarm_status`) VALUES (509, 3, 3, NULL, 'CoursePublishJobHandler', '', '0/1', 0, '2023-08-29 12:45:50', 500, '任务触发类型：Cron触发<br>调度机器：172.17.0.2<br>执行器-注册方式：自动注册<br>执行器-地址列表：null<br>路由策略：分片广播(0/1)<br>阻塞处理策略：丢弃后续调度<br>任务超时时间：0<br>失败重试次数：0<br><br><span style=\"color:#00c0ef;\" > >>>>>>>>>>>触发调度<<<<<<<<<<< </span><br>调度失败：执行器地址为空<br><br>', NULL, 0, NULL, 3);
INSERT INTO `xxl_job_log` (`id`, `job_group`, `job_id`, `executor_address`, `executor_handler`, `executor_param`, `executor_sharding_param`, `executor_fail_retry_count`, `trigger_time`, `trigger_code`, `trigger_msg`, `handle_time`, `handle_code`, `handle_msg`, `alarm_status`) VALUES (510, 3, 3, NULL, 'CoursePublishJobHandler', '', '0/1', 0, '2023-08-29 12:46:00', 500, '任务触发类型：Cron触发<br>调度机器：172.17.0.2<br>执行器-注册方式：自动注册<br>执行器-地址列表：null<br>路由策略：分片广播(0/1)<br>阻塞处理策略：丢弃后续调度<br>任务超时时间：0<br>失败重试次数：0<br><br><span style=\"color:#00c0ef;\" > >>>>>>>>>>>触发调度<<<<<<<<<<< </span><br>调度失败：执行器地址为空<br><br>', NULL, 0, NULL, 3);
INSERT INTO `xxl_job_log` (`id`, `job_group`, `job_id`, `executor_address`, `executor_handler`, `executor_param`, `executor_sharding_param`, `executor_fail_retry_count`, `trigger_time`, `trigger_code`, `trigger_msg`, `handle_time`, `handle_code`, `handle_msg`, `alarm_status`) VALUES (511, 3, 3, NULL, 'CoursePublishJobHandler', '', '0/1', 0, '2023-08-29 12:46:50', 500, '任务触发类型：Cron触发<br>调度机器：172.17.0.2<br>执行器-注册方式：自动注册<br>执行器-地址列表：null<br>路由策略：分片广播(0/1)<br>阻塞处理策略：丢弃后续调度<br>任务超时时间：0<br>失败重试次数：0<br><br><span style=\"color:#00c0ef;\" > >>>>>>>>>>>触发调度<<<<<<<<<<< </span><br>调度失败：执行器地址为空<br><br>', NULL, 0, NULL, 3);
INSERT INTO `xxl_job_log` (`id`, `job_group`, `job_id`, `executor_address`, `executor_handler`, `executor_param`, `executor_sharding_param`, `executor_fail_retry_count`, `trigger_time`, `trigger_code`, `trigger_msg`, `handle_time`, `handle_code`, `handle_msg`, `alarm_status`) VALUES (512, 3, 3, NULL, 'CoursePublishJobHandler', '', '0/1', 0, '2023-08-29 12:47:00', 500, '任务触发类型：Cron触发<br>调度机器：172.17.0.2<br>执行器-注册方式：自动注册<br>执行器-地址列表：null<br>路由策略：分片广播(0/1)<br>阻塞处理策略：丢弃后续调度<br>任务超时时间：0<br>失败重试次数：0<br><br><span style=\"color:#00c0ef;\" > >>>>>>>>>>>触发调度<<<<<<<<<<< </span><br>调度失败：执行器地址为空<br><br>', NULL, 0, NULL, 3);
INSERT INTO `xxl_job_log` (`id`, `job_group`, `job_id`, `executor_address`, `executor_handler`, `executor_param`, `executor_sharding_param`, `executor_fail_retry_count`, `trigger_time`, `trigger_code`, `trigger_msg`, `handle_time`, `handle_code`, `handle_msg`, `alarm_status`) VALUES (513, 3, 3, NULL, 'CoursePublishJobHandler', '', '0/1', 0, '2023-08-29 12:47:50', 500, '任务触发类型：Cron触发<br>调度机器：172.17.0.2<br>执行器-注册方式：自动注册<br>执行器-地址列表：null<br>路由策略：分片广播(0/1)<br>阻塞处理策略：丢弃后续调度<br>任务超时时间：0<br>失败重试次数：0<br><br><span style=\"color:#00c0ef;\" > >>>>>>>>>>>触发调度<<<<<<<<<<< </span><br>调度失败：执行器地址为空<br><br>', NULL, 0, NULL, 3);
INSERT INTO `xxl_job_log` (`id`, `job_group`, `job_id`, `executor_address`, `executor_handler`, `executor_param`, `executor_sharding_param`, `executor_fail_retry_count`, `trigger_time`, `trigger_code`, `trigger_msg`, `handle_time`, `handle_code`, `handle_msg`, `alarm_status`) VALUES (514, 3, 3, NULL, 'CoursePublishJobHandler', '', '0/1', 0, '2023-08-29 12:48:00', 500, '任务触发类型：Cron触发<br>调度机器：172.17.0.2<br>执行器-注册方式：自动注册<br>执行器-地址列表：null<br>路由策略：分片广播(0/1)<br>阻塞处理策略：丢弃后续调度<br>任务超时时间：0<br>失败重试次数：0<br><br><span style=\"color:#00c0ef;\" > >>>>>>>>>>>触发调度<<<<<<<<<<< </span><br>调度失败：执行器地址为空<br><br>', NULL, 0, NULL, 3);
INSERT INTO `xxl_job_log` (`id`, `job_group`, `job_id`, `executor_address`, `executor_handler`, `executor_param`, `executor_sharding_param`, `executor_fail_retry_count`, `trigger_time`, `trigger_code`, `trigger_msg`, `handle_time`, `handle_code`, `handle_msg`, `alarm_status`) VALUES (515, 3, 3, NULL, 'CoursePublishJobHandler', '', '0/1', 0, '2023-08-29 12:48:50', 500, '任务触发类型：Cron触发<br>调度机器：172.17.0.2<br>执行器-注册方式：自动注册<br>执行器-地址列表：null<br>路由策略：分片广播(0/1)<br>阻塞处理策略：丢弃后续调度<br>任务超时时间：0<br>失败重试次数：0<br><br><span style=\"color:#00c0ef;\" > >>>>>>>>>>>触发调度<<<<<<<<<<< </span><br>调度失败：执行器地址为空<br><br>', NULL, 0, NULL, 3);
INSERT INTO `xxl_job_log` (`id`, `job_group`, `job_id`, `executor_address`, `executor_handler`, `executor_param`, `executor_sharding_param`, `executor_fail_retry_count`, `trigger_time`, `trigger_code`, `trigger_msg`, `handle_time`, `handle_code`, `handle_msg`, `alarm_status`) VALUES (516, 3, 3, NULL, 'CoursePublishJobHandler', '', '0/1', 0, '2023-08-29 12:49:00', 500, '任务触发类型：Cron触发<br>调度机器：172.17.0.2<br>执行器-注册方式：自动注册<br>执行器-地址列表：null<br>路由策略：分片广播(0/1)<br>阻塞处理策略：丢弃后续调度<br>任务超时时间：0<br>失败重试次数：0<br><br><span style=\"color:#00c0ef;\" > >>>>>>>>>>>触发调度<<<<<<<<<<< </span><br>调度失败：执行器地址为空<br><br>', NULL, 0, NULL, 3);
INSERT INTO `xxl_job_log` (`id`, `job_group`, `job_id`, `executor_address`, `executor_handler`, `executor_param`, `executor_sharding_param`, `executor_fail_retry_count`, `trigger_time`, `trigger_code`, `trigger_msg`, `handle_time`, `handle_code`, `handle_msg`, `alarm_status`) VALUES (517, 3, 3, NULL, 'CoursePublishJobHandler', '', '0/1', 0, '2023-08-29 12:49:50', 500, '任务触发类型：Cron触发<br>调度机器：172.17.0.2<br>执行器-注册方式：自动注册<br>执行器-地址列表：null<br>路由策略：分片广播(0/1)<br>阻塞处理策略：丢弃后续调度<br>任务超时时间：0<br>失败重试次数：0<br><br><span style=\"color:#00c0ef;\" > >>>>>>>>>>>触发调度<<<<<<<<<<< </span><br>调度失败：执行器地址为空<br><br>', NULL, 0, NULL, 3);
INSERT INTO `xxl_job_log` (`id`, `job_group`, `job_id`, `executor_address`, `executor_handler`, `executor_param`, `executor_sharding_param`, `executor_fail_retry_count`, `trigger_time`, `trigger_code`, `trigger_msg`, `handle_time`, `handle_code`, `handle_msg`, `alarm_status`) VALUES (518, 3, 3, NULL, 'CoursePublishJobHandler', '', '0/1', 0, '2023-08-29 12:50:00', 500, '任务触发类型：Cron触发<br>调度机器：172.17.0.2<br>执行器-注册方式：自动注册<br>执行器-地址列表：null<br>路由策略：分片广播(0/1)<br>阻塞处理策略：丢弃后续调度<br>任务超时时间：0<br>失败重试次数：0<br><br><span style=\"color:#00c0ef;\" > >>>>>>>>>>>触发调度<<<<<<<<<<< </span><br>调度失败：执行器地址为空<br><br>', NULL, 0, NULL, 3);
INSERT INTO `xxl_job_log` (`id`, `job_group`, `job_id`, `executor_address`, `executor_handler`, `executor_param`, `executor_sharding_param`, `executor_fail_retry_count`, `trigger_time`, `trigger_code`, `trigger_msg`, `handle_time`, `handle_code`, `handle_msg`, `alarm_status`) VALUES (519, 3, 3, NULL, 'CoursePublishJobHandler', '', '0/1', 0, '2023-08-29 12:50:50', 500, '任务触发类型：Cron触发<br>调度机器：172.17.0.2<br>执行器-注册方式：自动注册<br>执行器-地址列表：null<br>路由策略：分片广播(0/1)<br>阻塞处理策略：丢弃后续调度<br>任务超时时间：0<br>失败重试次数：0<br><br><span style=\"color:#00c0ef;\" > >>>>>>>>>>>触发调度<<<<<<<<<<< </span><br>调度失败：执行器地址为空<br><br>', NULL, 0, NULL, 3);
INSERT INTO `xxl_job_log` (`id`, `job_group`, `job_id`, `executor_address`, `executor_handler`, `executor_param`, `executor_sharding_param`, `executor_fail_retry_count`, `trigger_time`, `trigger_code`, `trigger_msg`, `handle_time`, `handle_code`, `handle_msg`, `alarm_status`) VALUES (520, 3, 3, NULL, 'CoursePublishJobHandler', '', '0/1', 0, '2023-08-29 12:51:00', 500, '任务触发类型：Cron触发<br>调度机器：172.17.0.2<br>执行器-注册方式：自动注册<br>执行器-地址列表：null<br>路由策略：分片广播(0/1)<br>阻塞处理策略：丢弃后续调度<br>任务超时时间：0<br>失败重试次数：0<br><br><span style=\"color:#00c0ef;\" > >>>>>>>>>>>触发调度<<<<<<<<<<< </span><br>调度失败：执行器地址为空<br><br>', NULL, 0, NULL, 3);
INSERT INTO `xxl_job_log` (`id`, `job_group`, `job_id`, `executor_address`, `executor_handler`, `executor_param`, `executor_sharding_param`, `executor_fail_retry_count`, `trigger_time`, `trigger_code`, `trigger_msg`, `handle_time`, `handle_code`, `handle_msg`, `alarm_status`) VALUES (521, 3, 3, NULL, 'CoursePublishJobHandler', '', '0/1', 0, '2023-08-29 12:51:50', 500, '任务触发类型：Cron触发<br>调度机器：172.17.0.2<br>执行器-注册方式：自动注册<br>执行器-地址列表：null<br>路由策略：分片广播(0/1)<br>阻塞处理策略：丢弃后续调度<br>任务超时时间：0<br>失败重试次数：0<br><br><span style=\"color:#00c0ef;\" > >>>>>>>>>>>触发调度<<<<<<<<<<< </span><br>调度失败：执行器地址为空<br><br>', NULL, 0, NULL, 3);
INSERT INTO `xxl_job_log` (`id`, `job_group`, `job_id`, `executor_address`, `executor_handler`, `executor_param`, `executor_sharding_param`, `executor_fail_retry_count`, `trigger_time`, `trigger_code`, `trigger_msg`, `handle_time`, `handle_code`, `handle_msg`, `alarm_status`) VALUES (522, 3, 3, NULL, 'CoursePublishJobHandler', '', '0/1', 0, '2023-08-29 12:52:00', 500, '任务触发类型：Cron触发<br>调度机器：172.17.0.2<br>执行器-注册方式：自动注册<br>执行器-地址列表：null<br>路由策略：分片广播(0/1)<br>阻塞处理策略：丢弃后续调度<br>任务超时时间：0<br>失败重试次数：0<br><br><span style=\"color:#00c0ef;\" > >>>>>>>>>>>触发调度<<<<<<<<<<< </span><br>调度失败：执行器地址为空<br><br>', NULL, 0, NULL, 3);
INSERT INTO `xxl_job_log` (`id`, `job_group`, `job_id`, `executor_address`, `executor_handler`, `executor_param`, `executor_sharding_param`, `executor_fail_retry_count`, `trigger_time`, `trigger_code`, `trigger_msg`, `handle_time`, `handle_code`, `handle_msg`, `alarm_status`) VALUES (523, 3, 3, NULL, 'CoursePublishJobHandler', '', '0/1', 0, '2023-08-29 12:52:50', 500, '任务触发类型：Cron触发<br>调度机器：172.17.0.2<br>执行器-注册方式：自动注册<br>执行器-地址列表：null<br>路由策略：分片广播(0/1)<br>阻塞处理策略：丢弃后续调度<br>任务超时时间：0<br>失败重试次数：0<br><br><span style=\"color:#00c0ef;\" > >>>>>>>>>>>触发调度<<<<<<<<<<< </span><br>调度失败：执行器地址为空<br><br>', NULL, 0, NULL, 3);
INSERT INTO `xxl_job_log` (`id`, `job_group`, `job_id`, `executor_address`, `executor_handler`, `executor_param`, `executor_sharding_param`, `executor_fail_retry_count`, `trigger_time`, `trigger_code`, `trigger_msg`, `handle_time`, `handle_code`, `handle_msg`, `alarm_status`) VALUES (524, 3, 3, NULL, 'CoursePublishJobHandler', '', '0/1', 0, '2023-08-29 12:53:00', 500, '任务触发类型：Cron触发<br>调度机器：172.17.0.2<br>执行器-注册方式：自动注册<br>执行器-地址列表：null<br>路由策略：分片广播(0/1)<br>阻塞处理策略：丢弃后续调度<br>任务超时时间：0<br>失败重试次数：0<br><br><span style=\"color:#00c0ef;\" > >>>>>>>>>>>触发调度<<<<<<<<<<< </span><br>调度失败：执行器地址为空<br><br>', NULL, 0, NULL, 3);
INSERT INTO `xxl_job_log` (`id`, `job_group`, `job_id`, `executor_address`, `executor_handler`, `executor_param`, `executor_sharding_param`, `executor_fail_retry_count`, `trigger_time`, `trigger_code`, `trigger_msg`, `handle_time`, `handle_code`, `handle_msg`, `alarm_status`) VALUES (525, 3, 3, NULL, 'CoursePublishJobHandler', '', '0/1', 0, '2023-08-29 12:53:50', 500, '任务触发类型：Cron触发<br>调度机器：172.17.0.2<br>执行器-注册方式：自动注册<br>执行器-地址列表：null<br>路由策略：分片广播(0/1)<br>阻塞处理策略：丢弃后续调度<br>任务超时时间：0<br>失败重试次数：0<br><br><span style=\"color:#00c0ef;\" > >>>>>>>>>>>触发调度<<<<<<<<<<< </span><br>调度失败：执行器地址为空<br><br>', NULL, 0, NULL, 3);
INSERT INTO `xxl_job_log` (`id`, `job_group`, `job_id`, `executor_address`, `executor_handler`, `executor_param`, `executor_sharding_param`, `executor_fail_retry_count`, `trigger_time`, `trigger_code`, `trigger_msg`, `handle_time`, `handle_code`, `handle_msg`, `alarm_status`) VALUES (526, 3, 3, NULL, 'CoursePublishJobHandler', '', '0/1', 0, '2023-08-29 12:59:00', 500, '任务触发类型：Cron触发<br>调度机器：172.17.0.2<br>执行器-注册方式：自动注册<br>执行器-地址列表：null<br>路由策略：分片广播(0/1)<br>阻塞处理策略：丢弃后续调度<br>任务超时时间：0<br>失败重试次数：0<br><br><span style=\"color:#00c0ef;\" > >>>>>>>>>>>触发调度<<<<<<<<<<< </span><br>调度失败：执行器地址为空<br><br>', NULL, 0, NULL, 3);
INSERT INTO `xxl_job_log` (`id`, `job_group`, `job_id`, `executor_address`, `executor_handler`, `executor_param`, `executor_sharding_param`, `executor_fail_retry_count`, `trigger_time`, `trigger_code`, `trigger_msg`, `handle_time`, `handle_code`, `handle_msg`, `alarm_status`) VALUES (527, 3, 3, NULL, 'CoursePublishJobHandler', '', '0/1', 0, '2023-08-29 12:59:50', 500, '任务触发类型：Cron触发<br>调度机器：172.17.0.2<br>执行器-注册方式：自动注册<br>执行器-地址列表：null<br>路由策略：分片广播(0/1)<br>阻塞处理策略：丢弃后续调度<br>任务超时时间：0<br>失败重试次数：0<br><br><span style=\"color:#00c0ef;\" > >>>>>>>>>>>触发调度<<<<<<<<<<< </span><br>调度失败：执行器地址为空<br><br>', NULL, 0, NULL, 3);
INSERT INTO `xxl_job_log` (`id`, `job_group`, `job_id`, `executor_address`, `executor_handler`, `executor_param`, `executor_sharding_param`, `executor_fail_retry_count`, `trigger_time`, `trigger_code`, `trigger_msg`, `handle_time`, `handle_code`, `handle_msg`, `alarm_status`) VALUES (528, 3, 3, NULL, 'CoursePublishJobHandler', '', '0/1', 0, '2023-08-29 13:00:00', 500, '任务触发类型：Cron触发<br>调度机器：172.17.0.2<br>执行器-注册方式：自动注册<br>执行器-地址列表：null<br>路由策略：分片广播(0/1)<br>阻塞处理策略：丢弃后续调度<br>任务超时时间：0<br>失败重试次数：0<br><br><span style=\"color:#00c0ef;\" > >>>>>>>>>>>触发调度<<<<<<<<<<< </span><br>调度失败：执行器地址为空<br><br>', NULL, 0, NULL, 3);
INSERT INTO `xxl_job_log` (`id`, `job_group`, `job_id`, `executor_address`, `executor_handler`, `executor_param`, `executor_sharding_param`, `executor_fail_retry_count`, `trigger_time`, `trigger_code`, `trigger_msg`, `handle_time`, `handle_code`, `handle_msg`, `alarm_status`) VALUES (529, 3, 3, 'http://172.27.176.225:8999/', 'CoursePublishJobHandler', '', '0/1', 0, '2023-08-29 13:28:50', 200, '任务触发类型：Cron触发<br>调度机器：172.17.0.2<br>执行器-注册方式：自动注册<br>执行器-地址列表：[http://172.27.176.225:8999/]<br>路由策略：分片广播(0/1)<br>阻塞处理策略：丢弃后续调度<br>任务超时时间：0<br>失败重试次数：0<br><br><span style=\"color:#00c0ef;\" > >>>>>>>>>>>触发调度<<<<<<<<<<< </span><br>触发调度：<br>address：http://172.27.176.225:8999/<br>code：200<br>msg：null', '2023-08-29 13:28:50', 200, '', 0);
INSERT INTO `xxl_job_log` (`id`, `job_group`, `job_id`, `executor_address`, `executor_handler`, `executor_param`, `executor_sharding_param`, `executor_fail_retry_count`, `trigger_time`, `trigger_code`, `trigger_msg`, `handle_time`, `handle_code`, `handle_msg`, `alarm_status`) VALUES (530, 3, 3, 'http://172.27.176.225:8999/', 'CoursePublishJobHandler', '', '0/1', 0, '2023-08-29 13:29:00', 200, '任务触发类型：Cron触发<br>调度机器：172.17.0.2<br>执行器-注册方式：自动注册<br>执行器-地址列表：[http://172.27.176.225:8999/]<br>路由策略：分片广播(0/1)<br>阻塞处理策略：丢弃后续调度<br>任务超时时间：0<br>失败重试次数：0<br><br><span style=\"color:#00c0ef;\" > >>>>>>>>>>>触发调度<<<<<<<<<<< </span><br>触发调度：<br>address：http://172.27.176.225:8999/<br>code：200<br>msg：null', '2023-08-29 13:29:00', 200, '', 0);
INSERT INTO `xxl_job_log` (`id`, `job_group`, `job_id`, `executor_address`, `executor_handler`, `executor_param`, `executor_sharding_param`, `executor_fail_retry_count`, `trigger_time`, `trigger_code`, `trigger_msg`, `handle_time`, `handle_code`, `handle_msg`, `alarm_status`) VALUES (531, 3, 3, 'http://172.27.176.225:8999/', 'CoursePublishJobHandler', '', '0/1', 0, '2023-08-29 13:29:50', 200, '任务触发类型：Cron触发<br>调度机器：172.17.0.2<br>执行器-注册方式：自动注册<br>执行器-地址列表：[http://172.27.176.225:8999/]<br>路由策略：分片广播(0/1)<br>阻塞处理策略：丢弃后续调度<br>任务超时时间：0<br>失败重试次数：0<br><br><span style=\"color:#00c0ef;\" > >>>>>>>>>>>触发调度<<<<<<<<<<< </span><br>触发调度：<br>address：http://172.27.176.225:8999/<br>code：200<br>msg：null', '2023-08-29 13:29:50', 200, '', 0);
INSERT INTO `xxl_job_log` (`id`, `job_group`, `job_id`, `executor_address`, `executor_handler`, `executor_param`, `executor_sharding_param`, `executor_fail_retry_count`, `trigger_time`, `trigger_code`, `trigger_msg`, `handle_time`, `handle_code`, `handle_msg`, `alarm_status`) VALUES (532, 3, 3, 'http://172.27.176.225:8999/', 'CoursePublishJobHandler', '', '0/1', 0, '2023-08-29 13:30:00', 200, '任务触发类型：Cron触发<br>调度机器：172.17.0.2<br>执行器-注册方式：自动注册<br>执行器-地址列表：[http://172.27.176.225:8999/]<br>路由策略：分片广播(0/1)<br>阻塞处理策略：丢弃后续调度<br>任务超时时间：0<br>失败重试次数：0<br><br><span style=\"color:#00c0ef;\" > >>>>>>>>>>>触发调度<<<<<<<<<<< </span><br>触发调度：<br>address：http://172.27.176.225:8999/<br>code：200<br>msg：null', '2023-08-29 13:30:00', 200, '', 0);
INSERT INTO `xxl_job_log` (`id`, `job_group`, `job_id`, `executor_address`, `executor_handler`, `executor_param`, `executor_sharding_param`, `executor_fail_retry_count`, `trigger_time`, `trigger_code`, `trigger_msg`, `handle_time`, `handle_code`, `handle_msg`, `alarm_status`) VALUES (533, 3, 3, 'http://172.27.176.225:8999/', 'CoursePublishJobHandler', '', '0/1', 0, '2023-08-29 13:30:50', 200, '任务触发类型：Cron触发<br>调度机器：172.17.0.2<br>执行器-注册方式：自动注册<br>执行器-地址列表：[http://172.27.176.225:8999/]<br>路由策略：分片广播(0/1)<br>阻塞处理策略：丢弃后续调度<br>任务超时时间：0<br>失败重试次数：0<br><br><span style=\"color:#00c0ef;\" > >>>>>>>>>>>触发调度<<<<<<<<<<< </span><br>触发调度：<br>address：http://172.27.176.225:8999/<br>code：200<br>msg：null', '2023-08-29 13:30:50', 200, '', 0);
INSERT INTO `xxl_job_log` (`id`, `job_group`, `job_id`, `executor_address`, `executor_handler`, `executor_param`, `executor_sharding_param`, `executor_fail_retry_count`, `trigger_time`, `trigger_code`, `trigger_msg`, `handle_time`, `handle_code`, `handle_msg`, `alarm_status`) VALUES (534, 3, 3, 'http://172.27.176.225:8999/', 'CoursePublishJobHandler', '', '0/1', 0, '2023-08-29 13:31:00', 200, '任务触发类型：Cron触发<br>调度机器：172.17.0.2<br>执行器-注册方式：自动注册<br>执行器-地址列表：[http://172.27.176.225:8999/]<br>路由策略：分片广播(0/1)<br>阻塞处理策略：丢弃后续调度<br>任务超时时间：0<br>失败重试次数：0<br><br><span style=\"color:#00c0ef;\" > >>>>>>>>>>>触发调度<<<<<<<<<<< </span><br>触发调度：<br>address：http://172.27.176.225:8999/<br>code：200<br>msg：null', '2023-08-29 13:31:00', 200, '', 0);
INSERT INTO `xxl_job_log` (`id`, `job_group`, `job_id`, `executor_address`, `executor_handler`, `executor_param`, `executor_sharding_param`, `executor_fail_retry_count`, `trigger_time`, `trigger_code`, `trigger_msg`, `handle_time`, `handle_code`, `handle_msg`, `alarm_status`) VALUES (535, 3, 3, 'http://172.27.176.225:8999/', 'CoursePublishJobHandler', '', '0/1', 0, '2023-08-29 13:31:50', 200, '任务触发类型：Cron触发<br>调度机器：172.17.0.2<br>执行器-注册方式：自动注册<br>执行器-地址列表：[http://172.27.176.225:8999/]<br>路由策略：分片广播(0/1)<br>阻塞处理策略：丢弃后续调度<br>任务超时时间：0<br>失败重试次数：0<br><br><span style=\"color:#00c0ef;\" > >>>>>>>>>>>触发调度<<<<<<<<<<< </span><br>触发调度：<br>address：http://172.27.176.225:8999/<br>code：200<br>msg：null', '2023-08-29 13:31:50', 200, '', 0);
INSERT INTO `xxl_job_log` (`id`, `job_group`, `job_id`, `executor_address`, `executor_handler`, `executor_param`, `executor_sharding_param`, `executor_fail_retry_count`, `trigger_time`, `trigger_code`, `trigger_msg`, `handle_time`, `handle_code`, `handle_msg`, `alarm_status`) VALUES (536, 3, 3, 'http://172.27.176.225:8999/', 'CoursePublishJobHandler', '', '0/1', 0, '2023-08-29 13:32:00', 200, '任务触发类型：Cron触发<br>调度机器：172.17.0.2<br>执行器-注册方式：自动注册<br>执行器-地址列表：[http://172.27.176.225:8999/]<br>路由策略：分片广播(0/1)<br>阻塞处理策略：丢弃后续调度<br>任务超时时间：0<br>失败重试次数：0<br><br><span style=\"color:#00c0ef;\" > >>>>>>>>>>>触发调度<<<<<<<<<<< </span><br>触发调度：<br>address：http://172.27.176.225:8999/<br>code：200<br>msg：null', '2023-08-29 13:32:00', 200, '', 0);
INSERT INTO `xxl_job_log` (`id`, `job_group`, `job_id`, `executor_address`, `executor_handler`, `executor_param`, `executor_sharding_param`, `executor_fail_retry_count`, `trigger_time`, `trigger_code`, `trigger_msg`, `handle_time`, `handle_code`, `handle_msg`, `alarm_status`) VALUES (537, 3, 3, 'http://172.27.176.225:8999/', 'CoursePublishJobHandler', '', '0/1', 0, '2023-08-29 13:32:50', 200, '任务触发类型：Cron触发<br>调度机器：172.17.0.2<br>执行器-注册方式：自动注册<br>执行器-地址列表：[http://172.27.176.225:8999/]<br>路由策略：分片广播(0/1)<br>阻塞处理策略：丢弃后续调度<br>任务超时时间：0<br>失败重试次数：0<br><br><span style=\"color:#00c0ef;\" > >>>>>>>>>>>触发调度<<<<<<<<<<< </span><br>触发调度：<br>address：http://172.27.176.225:8999/<br>code：200<br>msg：null', '2023-08-29 13:33:07', 200, '', 0);
INSERT INTO `xxl_job_log` (`id`, `job_group`, `job_id`, `executor_address`, `executor_handler`, `executor_param`, `executor_sharding_param`, `executor_fail_retry_count`, `trigger_time`, `trigger_code`, `trigger_msg`, `handle_time`, `handle_code`, `handle_msg`, `alarm_status`) VALUES (538, 3, 3, 'http://172.27.176.225:8999/', 'CoursePublishJobHandler', '', '0/1', 0, '2023-08-29 13:33:00', 500, '任务触发类型：Cron触发<br>调度机器：172.17.0.2<br>执行器-注册方式：自动注册<br>执行器-地址列表：[http://172.27.176.225:8999/]<br>路由策略：分片广播(0/1)<br>阻塞处理策略：丢弃后续调度<br>任务超时时间：0<br>失败重试次数：0<br><br><span style=\"color:#00c0ef;\" > >>>>>>>>>>>触发调度<<<<<<<<<<< </span><br>触发调度：<br>address：http://172.27.176.225:8999/<br>code：500<br>msg：xxl-rpc remoting error(Read timed out), for url : http://172.27.176.225:8999/run', NULL, 0, NULL, 3);
INSERT INTO `xxl_job_log` (`id`, `job_group`, `job_id`, `executor_address`, `executor_handler`, `executor_param`, `executor_sharding_param`, `executor_fail_retry_count`, `trigger_time`, `trigger_code`, `trigger_msg`, `handle_time`, `handle_code`, `handle_msg`, `alarm_status`) VALUES (539, 3, 3, 'http://172.27.176.225:8999/', 'CoursePublishJobHandler', '', '0/1', 0, '2023-08-29 13:33:50', 200, '任务触发类型：Cron触发<br>调度机器：172.17.0.2<br>执行器-注册方式：自动注册<br>执行器-地址列表：[http://172.27.176.225:8999/]<br>路由策略：分片广播(0/1)<br>阻塞处理策略：丢弃后续调度<br>任务超时时间：0<br>失败重试次数：0<br><br><span style=\"color:#00c0ef;\" > >>>>>>>>>>>触发调度<<<<<<<<<<< </span><br>触发调度：<br>address：http://172.27.176.225:8999/<br>code：200<br>msg：null', '2023-08-29 13:33:59', 200, '', 0);
INSERT INTO `xxl_job_log` (`id`, `job_group`, `job_id`, `executor_address`, `executor_handler`, `executor_param`, `executor_sharding_param`, `executor_fail_retry_count`, `trigger_time`, `trigger_code`, `trigger_msg`, `handle_time`, `handle_code`, `handle_msg`, `alarm_status`) VALUES (540, 3, 3, 'http://172.27.176.225:8999/', 'CoursePublishJobHandler', '', '0/1', 0, '2023-08-29 13:34:00', 200, '任务触发类型：Cron触发<br>调度机器：172.17.0.2<br>执行器-注册方式：自动注册<br>执行器-地址列表：[http://172.27.176.225:8999/]<br>路由策略：分片广播(0/1)<br>阻塞处理策略：丢弃后续调度<br>任务超时时间：0<br>失败重试次数：0<br><br><span style=\"color:#00c0ef;\" > >>>>>>>>>>>触发调度<<<<<<<<<<< </span><br>触发调度：<br>address：http://172.27.176.225:8999/<br>code：200<br>msg：null', '2023-08-29 13:37:55', 200, '', 0);
INSERT INTO `xxl_job_log` (`id`, `job_group`, `job_id`, `executor_address`, `executor_handler`, `executor_param`, `executor_sharding_param`, `executor_fail_retry_count`, `trigger_time`, `trigger_code`, `trigger_msg`, `handle_time`, `handle_code`, `handle_msg`, `alarm_status`) VALUES (541, 3, 3, 'http://172.27.176.225:8999/', 'CoursePublishJobHandler', '', '0/1', 0, '2023-08-29 13:34:50', 500, '任务触发类型：Cron触发<br>调度机器：172.17.0.2<br>执行器-注册方式：自动注册<br>执行器-地址列表：[http://172.27.176.225:8999/]<br>路由策略：分片广播(0/1)<br>阻塞处理策略：丢弃后续调度<br>任务超时时间：0<br>失败重试次数：0<br><br><span style=\"color:#00c0ef;\" > >>>>>>>>>>>触发调度<<<<<<<<<<< </span><br>触发调度：<br>address：http://172.27.176.225:8999/<br>code：500<br>msg：xxl-rpc remoting error(Read timed out), for url : http://172.27.176.225:8999/run', '2023-08-29 13:37:57', 200, '', 3);
INSERT INTO `xxl_job_log` (`id`, `job_group`, `job_id`, `executor_address`, `executor_handler`, `executor_param`, `executor_sharding_param`, `executor_fail_retry_count`, `trigger_time`, `trigger_code`, `trigger_msg`, `handle_time`, `handle_code`, `handle_msg`, `alarm_status`) VALUES (542, 3, 3, 'http://172.27.176.225:8999/', 'CoursePublishJobHandler', '', '0/1', 0, '2023-08-29 13:35:00', 500, '任务触发类型：Cron触发<br>调度机器：172.17.0.2<br>执行器-注册方式：自动注册<br>执行器-地址列表：[http://172.27.176.225:8999/]<br>路由策略：分片广播(0/1)<br>阻塞处理策略：丢弃后续调度<br>任务超时时间：0<br>失败重试次数：0<br><br><span style=\"color:#00c0ef;\" > >>>>>>>>>>>触发调度<<<<<<<<<<< </span><br>触发调度：<br>address：http://172.27.176.225:8999/<br>code：500<br>msg：xxl-rpc remoting error(Read timed out), for url : http://172.27.176.225:8999/run', NULL, 0, NULL, 3);
INSERT INTO `xxl_job_log` (`id`, `job_group`, `job_id`, `executor_address`, `executor_handler`, `executor_param`, `executor_sharding_param`, `executor_fail_retry_count`, `trigger_time`, `trigger_code`, `trigger_msg`, `handle_time`, `handle_code`, `handle_msg`, `alarm_status`) VALUES (543, 3, 3, NULL, 'CoursePublishJobHandler', '', '0/1', 0, '2023-08-29 13:35:50', 500, '任务触发类型：Cron触发<br>调度机器：172.17.0.2<br>执行器-注册方式：自动注册<br>执行器-地址列表：null<br>路由策略：分片广播(0/1)<br>阻塞处理策略：丢弃后续调度<br>任务超时时间：0<br>失败重试次数：0<br><br><span style=\"color:#00c0ef;\" > >>>>>>>>>>>触发调度<<<<<<<<<<< </span><br>调度失败：执行器地址为空<br><br>', NULL, 0, NULL, 3);
INSERT INTO `xxl_job_log` (`id`, `job_group`, `job_id`, `executor_address`, `executor_handler`, `executor_param`, `executor_sharding_param`, `executor_fail_retry_count`, `trigger_time`, `trigger_code`, `trigger_msg`, `handle_time`, `handle_code`, `handle_msg`, `alarm_status`) VALUES (544, 3, 3, NULL, 'CoursePublishJobHandler', '', '0/1', 0, '2023-08-29 13:36:00', 500, '任务触发类型：Cron触发<br>调度机器：172.17.0.2<br>执行器-注册方式：自动注册<br>执行器-地址列表：null<br>路由策略：分片广播(0/1)<br>阻塞处理策略：丢弃后续调度<br>任务超时时间：0<br>失败重试次数：0<br><br><span style=\"color:#00c0ef;\" > >>>>>>>>>>>触发调度<<<<<<<<<<< </span><br>调度失败：执行器地址为空<br><br>', NULL, 0, NULL, 3);
INSERT INTO `xxl_job_log` (`id`, `job_group`, `job_id`, `executor_address`, `executor_handler`, `executor_param`, `executor_sharding_param`, `executor_fail_retry_count`, `trigger_time`, `trigger_code`, `trigger_msg`, `handle_time`, `handle_code`, `handle_msg`, `alarm_status`) VALUES (545, 3, 3, NULL, 'CoursePublishJobHandler', '', '0/1', 0, '2023-08-29 13:36:50', 500, '任务触发类型：Cron触发<br>调度机器：172.17.0.2<br>执行器-注册方式：自动注册<br>执行器-地址列表：null<br>路由策略：分片广播(0/1)<br>阻塞处理策略：丢弃后续调度<br>任务超时时间：0<br>失败重试次数：0<br><br><span style=\"color:#00c0ef;\" > >>>>>>>>>>>触发调度<<<<<<<<<<< </span><br>调度失败：执行器地址为空<br><br>', NULL, 0, NULL, 3);
INSERT INTO `xxl_job_log` (`id`, `job_group`, `job_id`, `executor_address`, `executor_handler`, `executor_param`, `executor_sharding_param`, `executor_fail_retry_count`, `trigger_time`, `trigger_code`, `trigger_msg`, `handle_time`, `handle_code`, `handle_msg`, `alarm_status`) VALUES (546, 3, 3, NULL, 'CoursePublishJobHandler', '', '0/1', 0, '2023-08-29 13:37:00', 500, '任务触发类型：Cron触发<br>调度机器：172.17.0.2<br>执行器-注册方式：自动注册<br>执行器-地址列表：null<br>路由策略：分片广播(0/1)<br>阻塞处理策略：丢弃后续调度<br>任务超时时间：0<br>失败重试次数：0<br><br><span style=\"color:#00c0ef;\" > >>>>>>>>>>>触发调度<<<<<<<<<<< </span><br>调度失败：执行器地址为空<br><br>', NULL, 0, NULL, 3);
INSERT INTO `xxl_job_log` (`id`, `job_group`, `job_id`, `executor_address`, `executor_handler`, `executor_param`, `executor_sharding_param`, `executor_fail_retry_count`, `trigger_time`, `trigger_code`, `trigger_msg`, `handle_time`, `handle_code`, `handle_msg`, `alarm_status`) VALUES (547, 3, 3, NULL, 'CoursePublishJobHandler', '', '0/1', 0, '2023-08-29 13:37:50', 500, '任务触发类型：Cron触发<br>调度机器：172.17.0.2<br>执行器-注册方式：自动注册<br>执行器-地址列表：null<br>路由策略：分片广播(0/1)<br>阻塞处理策略：丢弃后续调度<br>任务超时时间：0<br>失败重试次数：0<br><br><span style=\"color:#00c0ef;\" > >>>>>>>>>>>触发调度<<<<<<<<<<< </span><br>调度失败：执行器地址为空<br><br>', NULL, 0, NULL, 3);
INSERT INTO `xxl_job_log` (`id`, `job_group`, `job_id`, `executor_address`, `executor_handler`, `executor_param`, `executor_sharding_param`, `executor_fail_retry_count`, `trigger_time`, `trigger_code`, `trigger_msg`, `handle_time`, `handle_code`, `handle_msg`, `alarm_status`) VALUES (548, 3, 3, NULL, 'CoursePublishJobHandler', '', '0/1', 0, '2023-08-29 13:38:00', 500, '任务触发类型：Cron触发<br>调度机器：172.17.0.2<br>执行器-注册方式：自动注册<br>执行器-地址列表：null<br>路由策略：分片广播(0/1)<br>阻塞处理策略：丢弃后续调度<br>任务超时时间：0<br>失败重试次数：0<br><br><span style=\"color:#00c0ef;\" > >>>>>>>>>>>触发调度<<<<<<<<<<< </span><br>调度失败：执行器地址为空<br><br>', NULL, 0, NULL, 3);
INSERT INTO `xxl_job_log` (`id`, `job_group`, `job_id`, `executor_address`, `executor_handler`, `executor_param`, `executor_sharding_param`, `executor_fail_retry_count`, `trigger_time`, `trigger_code`, `trigger_msg`, `handle_time`, `handle_code`, `handle_msg`, `alarm_status`) VALUES (549, 3, 3, 'http://172.27.176.225:8999/', 'CoursePublishJobHandler', '', '0/1', 0, '2023-08-29 13:38:50', 200, '任务触发类型：Cron触发<br>调度机器：172.17.0.2<br>执行器-注册方式：自动注册<br>执行器-地址列表：[http://172.27.176.225:8999/]<br>路由策略：分片广播(0/1)<br>阻塞处理策略：丢弃后续调度<br>任务超时时间：0<br>失败重试次数：0<br><br><span style=\"color:#00c0ef;\" > >>>>>>>>>>>触发调度<<<<<<<<<<< </span><br>触发调度：<br>address：http://172.27.176.225:8999/<br>code：200<br>msg：null', '2023-08-29 13:38:55', 200, '', 0);
INSERT INTO `xxl_job_log` (`id`, `job_group`, `job_id`, `executor_address`, `executor_handler`, `executor_param`, `executor_sharding_param`, `executor_fail_retry_count`, `trigger_time`, `trigger_code`, `trigger_msg`, `handle_time`, `handle_code`, `handle_msg`, `alarm_status`) VALUES (550, 3, 3, 'http://172.27.176.225:8999/', 'CoursePublishJobHandler', '', '0/1', 0, '2023-08-29 13:39:00', 200, '任务触发类型：Cron触发<br>调度机器：172.17.0.2<br>执行器-注册方式：自动注册<br>执行器-地址列表：[http://172.27.176.225:8999/]<br>路由策略：分片广播(0/1)<br>阻塞处理策略：丢弃后续调度<br>任务超时时间：0<br>失败重试次数：0<br><br><span style=\"color:#00c0ef;\" > >>>>>>>>>>>触发调度<<<<<<<<<<< </span><br>触发调度：<br>address：http://172.27.176.225:8999/<br>code：200<br>msg：null', '2023-08-29 13:39:12', 200, '', 0);
INSERT INTO `xxl_job_log` (`id`, `job_group`, `job_id`, `executor_address`, `executor_handler`, `executor_param`, `executor_sharding_param`, `executor_fail_retry_count`, `trigger_time`, `trigger_code`, `trigger_msg`, `handle_time`, `handle_code`, `handle_msg`, `alarm_status`) VALUES (551, 3, 3, 'http://172.27.176.225:8999/', 'CoursePublishJobHandler', '', '0/1', 0, '2023-08-29 13:39:50', 200, '任务触发类型：Cron触发<br>调度机器：172.17.0.2<br>执行器-注册方式：自动注册<br>执行器-地址列表：[http://172.27.176.225:8999/]<br>路由策略：分片广播(0/1)<br>阻塞处理策略：丢弃后续调度<br>任务超时时间：0<br>失败重试次数：0<br><br><span style=\"color:#00c0ef;\" > >>>>>>>>>>>触发调度<<<<<<<<<<< </span><br>触发调度：<br>address：http://172.27.176.225:8999/<br>code：200<br>msg：null', '2023-08-29 13:39:51', 200, '', 0);
INSERT INTO `xxl_job_log` (`id`, `job_group`, `job_id`, `executor_address`, `executor_handler`, `executor_param`, `executor_sharding_param`, `executor_fail_retry_count`, `trigger_time`, `trigger_code`, `trigger_msg`, `handle_time`, `handle_code`, `handle_msg`, `alarm_status`) VALUES (552, 3, 3, 'http://172.27.176.225:8999/', 'CoursePublishJobHandler', '', '0/1', 0, '2023-08-29 13:40:00', 200, '任务触发类型：Cron触发<br>调度机器：172.17.0.2<br>执行器-注册方式：自动注册<br>执行器-地址列表：[http://172.27.176.225:8999/]<br>路由策略：分片广播(0/1)<br>阻塞处理策略：丢弃后续调度<br>任务超时时间：0<br>失败重试次数：0<br><br><span style=\"color:#00c0ef;\" > >>>>>>>>>>>触发调度<<<<<<<<<<< </span><br>触发调度：<br>address：http://172.27.176.225:8999/<br>code：200<br>msg：null', '2023-08-29 13:40:00', 200, '', 0);
INSERT INTO `xxl_job_log` (`id`, `job_group`, `job_id`, `executor_address`, `executor_handler`, `executor_param`, `executor_sharding_param`, `executor_fail_retry_count`, `trigger_time`, `trigger_code`, `trigger_msg`, `handle_time`, `handle_code`, `handle_msg`, `alarm_status`) VALUES (553, 3, 3, 'http://172.27.176.225:8999/', 'CoursePublishJobHandler', '', '0/1', 0, '2023-08-29 13:40:50', 200, '任务触发类型：Cron触发<br>调度机器：172.17.0.2<br>执行器-注册方式：自动注册<br>执行器-地址列表：[http://172.27.176.225:8999/]<br>路由策略：分片广播(0/1)<br>阻塞处理策略：丢弃后续调度<br>任务超时时间：0<br>失败重试次数：0<br><br><span style=\"color:#00c0ef;\" > >>>>>>>>>>>触发调度<<<<<<<<<<< </span><br>触发调度：<br>address：http://172.27.176.225:8999/<br>code：200<br>msg：null', '2023-08-29 13:40:50', 200, '', 0);
INSERT INTO `xxl_job_log` (`id`, `job_group`, `job_id`, `executor_address`, `executor_handler`, `executor_param`, `executor_sharding_param`, `executor_fail_retry_count`, `trigger_time`, `trigger_code`, `trigger_msg`, `handle_time`, `handle_code`, `handle_msg`, `alarm_status`) VALUES (554, 3, 3, 'http://172.27.176.225:8999/', 'CoursePublishJobHandler', '', '0/1', 0, '2023-08-29 13:41:00', 200, '任务触发类型：Cron触发<br>调度机器：172.17.0.2<br>执行器-注册方式：自动注册<br>执行器-地址列表：[http://172.27.176.225:8999/]<br>路由策略：分片广播(0/1)<br>阻塞处理策略：丢弃后续调度<br>任务超时时间：0<br>失败重试次数：0<br><br><span style=\"color:#00c0ef;\" > >>>>>>>>>>>触发调度<<<<<<<<<<< </span><br>触发调度：<br>address：http://172.27.176.225:8999/<br>code：200<br>msg：null', '2023-08-29 13:41:00', 200, '', 0);
INSERT INTO `xxl_job_log` (`id`, `job_group`, `job_id`, `executor_address`, `executor_handler`, `executor_param`, `executor_sharding_param`, `executor_fail_retry_count`, `trigger_time`, `trigger_code`, `trigger_msg`, `handle_time`, `handle_code`, `handle_msg`, `alarm_status`) VALUES (555, 3, 3, 'http://172.27.176.225:8999/', 'CoursePublishJobHandler', '', '0/1', 0, '2023-08-29 13:41:50', 200, '任务触发类型：Cron触发<br>调度机器：172.17.0.2<br>执行器-注册方式：自动注册<br>执行器-地址列表：[http://172.27.176.225:8999/]<br>路由策略：分片广播(0/1)<br>阻塞处理策略：丢弃后续调度<br>任务超时时间：0<br>失败重试次数：0<br><br><span style=\"color:#00c0ef;\" > >>>>>>>>>>>触发调度<<<<<<<<<<< </span><br>触发调度：<br>address：http://172.27.176.225:8999/<br>code：200<br>msg：null', '2023-08-29 13:41:50', 200, '', 0);
INSERT INTO `xxl_job_log` (`id`, `job_group`, `job_id`, `executor_address`, `executor_handler`, `executor_param`, `executor_sharding_param`, `executor_fail_retry_count`, `trigger_time`, `trigger_code`, `trigger_msg`, `handle_time`, `handle_code`, `handle_msg`, `alarm_status`) VALUES (556, 3, 3, 'http://172.27.176.225:8999/', 'CoursePublishJobHandler', '', '0/1', 0, '2023-08-29 13:42:00', 200, '任务触发类型：Cron触发<br>调度机器：172.17.0.2<br>执行器-注册方式：自动注册<br>执行器-地址列表：[http://172.27.176.225:8999/]<br>路由策略：分片广播(0/1)<br>阻塞处理策略：丢弃后续调度<br>任务超时时间：0<br>失败重试次数：0<br><br><span style=\"color:#00c0ef;\" > >>>>>>>>>>>触发调度<<<<<<<<<<< </span><br>触发调度：<br>address：http://172.27.176.225:8999/<br>code：200<br>msg：null', '2023-08-29 13:42:00', 200, '', 0);
INSERT INTO `xxl_job_log` (`id`, `job_group`, `job_id`, `executor_address`, `executor_handler`, `executor_param`, `executor_sharding_param`, `executor_fail_retry_count`, `trigger_time`, `trigger_code`, `trigger_msg`, `handle_time`, `handle_code`, `handle_msg`, `alarm_status`) VALUES (557, 3, 3, 'http://172.27.176.225:8999/', 'CoursePublishJobHandler', '', '0/1', 0, '2023-08-29 13:42:50', 200, '任务触发类型：Cron触发<br>调度机器：172.17.0.2<br>执行器-注册方式：自动注册<br>执行器-地址列表：[http://172.27.176.225:8999/]<br>路由策略：分片广播(0/1)<br>阻塞处理策略：丢弃后续调度<br>任务超时时间：0<br>失败重试次数：0<br><br><span style=\"color:#00c0ef;\" > >>>>>>>>>>>触发调度<<<<<<<<<<< </span><br>触发调度：<br>address：http://172.27.176.225:8999/<br>code：200<br>msg：null', '2023-08-29 13:42:50', 200, '', 0);
INSERT INTO `xxl_job_log` (`id`, `job_group`, `job_id`, `executor_address`, `executor_handler`, `executor_param`, `executor_sharding_param`, `executor_fail_retry_count`, `trigger_time`, `trigger_code`, `trigger_msg`, `handle_time`, `handle_code`, `handle_msg`, `alarm_status`) VALUES (558, 3, 3, 'http://172.27.176.225:8999/', 'CoursePublishJobHandler', '', '0/1', 0, '2023-08-29 13:43:00', 200, '任务触发类型：Cron触发<br>调度机器：172.17.0.2<br>执行器-注册方式：自动注册<br>执行器-地址列表：[http://172.27.176.225:8999/]<br>路由策略：分片广播(0/1)<br>阻塞处理策略：丢弃后续调度<br>任务超时时间：0<br>失败重试次数：0<br><br><span style=\"color:#00c0ef;\" > >>>>>>>>>>>触发调度<<<<<<<<<<< </span><br>触发调度：<br>address：http://172.27.176.225:8999/<br>code：200<br>msg：null', '2023-08-29 13:43:00', 200, '', 0);
INSERT INTO `xxl_job_log` (`id`, `job_group`, `job_id`, `executor_address`, `executor_handler`, `executor_param`, `executor_sharding_param`, `executor_fail_retry_count`, `trigger_time`, `trigger_code`, `trigger_msg`, `handle_time`, `handle_code`, `handle_msg`, `alarm_status`) VALUES (559, 3, 3, 'http://172.27.176.225:8999/', 'CoursePublishJobHandler', '', '0/1', 0, '2023-08-29 13:43:50', 200, '任务触发类型：Cron触发<br>调度机器：172.17.0.2<br>执行器-注册方式：自动注册<br>执行器-地址列表：[http://172.27.176.225:8999/]<br>路由策略：分片广播(0/1)<br>阻塞处理策略：丢弃后续调度<br>任务超时时间：0<br>失败重试次数：0<br><br><span style=\"color:#00c0ef;\" > >>>>>>>>>>>触发调度<<<<<<<<<<< </span><br>触发调度：<br>address：http://172.27.176.225:8999/<br>code：200<br>msg：null', '2023-08-29 13:43:50', 200, '', 0);
INSERT INTO `xxl_job_log` (`id`, `job_group`, `job_id`, `executor_address`, `executor_handler`, `executor_param`, `executor_sharding_param`, `executor_fail_retry_count`, `trigger_time`, `trigger_code`, `trigger_msg`, `handle_time`, `handle_code`, `handle_msg`, `alarm_status`) VALUES (560, 3, 3, 'http://172.27.176.225:8999/', 'CoursePublishJobHandler', '', '0/1', 0, '2023-08-29 13:44:00', 200, '任务触发类型：Cron触发<br>调度机器：172.17.0.2<br>执行器-注册方式：自动注册<br>执行器-地址列表：[http://172.27.176.225:8999/]<br>路由策略：分片广播(0/1)<br>阻塞处理策略：丢弃后续调度<br>任务超时时间：0<br>失败重试次数：0<br><br><span style=\"color:#00c0ef;\" > >>>>>>>>>>>触发调度<<<<<<<<<<< </span><br>触发调度：<br>address：http://172.27.176.225:8999/<br>code：200<br>msg：null', '2023-08-29 13:44:00', 200, '', 0);
INSERT INTO `xxl_job_log` (`id`, `job_group`, `job_id`, `executor_address`, `executor_handler`, `executor_param`, `executor_sharding_param`, `executor_fail_retry_count`, `trigger_time`, `trigger_code`, `trigger_msg`, `handle_time`, `handle_code`, `handle_msg`, `alarm_status`) VALUES (561, 3, 3, 'http://172.27.176.225:8999/', 'CoursePublishJobHandler', '', '0/1', 0, '2023-08-29 13:44:50', 200, '任务触发类型：Cron触发<br>调度机器：172.17.0.2<br>执行器-注册方式：自动注册<br>执行器-地址列表：[http://172.27.176.225:8999/]<br>路由策略：分片广播(0/1)<br>阻塞处理策略：丢弃后续调度<br>任务超时时间：0<br>失败重试次数：0<br><br><span style=\"color:#00c0ef;\" > >>>>>>>>>>>触发调度<<<<<<<<<<< </span><br>触发调度：<br>address：http://172.27.176.225:8999/<br>code：200<br>msg：null', '2023-08-29 13:44:50', 200, '', 0);
INSERT INTO `xxl_job_log` (`id`, `job_group`, `job_id`, `executor_address`, `executor_handler`, `executor_param`, `executor_sharding_param`, `executor_fail_retry_count`, `trigger_time`, `trigger_code`, `trigger_msg`, `handle_time`, `handle_code`, `handle_msg`, `alarm_status`) VALUES (562, 3, 3, 'http://172.27.176.225:8999/', 'CoursePublishJobHandler', '', '0/1', 0, '2023-08-29 13:45:00', 200, '任务触发类型：Cron触发<br>调度机器：172.17.0.2<br>执行器-注册方式：自动注册<br>执行器-地址列表：[http://172.27.176.225:8999/]<br>路由策略：分片广播(0/1)<br>阻塞处理策略：丢弃后续调度<br>任务超时时间：0<br>失败重试次数：0<br><br><span style=\"color:#00c0ef;\" > >>>>>>>>>>>触发调度<<<<<<<<<<< </span><br>触发调度：<br>address：http://172.27.176.225:8999/<br>code：200<br>msg：null', '2023-08-29 13:45:00', 200, '', 0);
INSERT INTO `xxl_job_log` (`id`, `job_group`, `job_id`, `executor_address`, `executor_handler`, `executor_param`, `executor_sharding_param`, `executor_fail_retry_count`, `trigger_time`, `trigger_code`, `trigger_msg`, `handle_time`, `handle_code`, `handle_msg`, `alarm_status`) VALUES (563, 3, 3, 'http://172.27.176.225:8999/', 'CoursePublishJobHandler', '', '0/1', 0, '2023-08-29 13:45:50', 500, '任务触发类型：Cron触发<br>调度机器：172.17.0.2<br>执行器-注册方式：自动注册<br>执行器-地址列表：[http://172.27.176.225:8999/]<br>路由策略：分片广播(0/1)<br>阻塞处理策略：丢弃后续调度<br>任务超时时间：0<br>失败重试次数：0<br><br><span style=\"color:#00c0ef;\" > >>>>>>>>>>>触发调度<<<<<<<<<<< </span><br>触发调度：<br>address：http://172.27.176.225:8999/<br>code：500<br>msg：xxl-rpc remoting error(Connection refused (Connection refused)), for url : http://172.27.176.225:8999/run', NULL, 0, NULL, 3);
INSERT INTO `xxl_job_log` (`id`, `job_group`, `job_id`, `executor_address`, `executor_handler`, `executor_param`, `executor_sharding_param`, `executor_fail_retry_count`, `trigger_time`, `trigger_code`, `trigger_msg`, `handle_time`, `handle_code`, `handle_msg`, `alarm_status`) VALUES (564, 3, 3, 'http://172.27.176.225:8999/', 'CoursePublishJobHandler', '', '0/1', 0, '2023-08-29 13:46:00', 500, '任务触发类型：Cron触发<br>调度机器：172.17.0.2<br>执行器-注册方式：自动注册<br>执行器-地址列表：[http://172.27.176.225:8999/]<br>路由策略：分片广播(0/1)<br>阻塞处理策略：丢弃后续调度<br>任务超时时间：0<br>失败重试次数：0<br><br><span style=\"color:#00c0ef;\" > >>>>>>>>>>>触发调度<<<<<<<<<<< </span><br>触发调度：<br>address：http://172.27.176.225:8999/<br>code：500<br>msg：xxl-rpc remoting error(Connection refused (Connection refused)), for url : http://172.27.176.225:8999/run', NULL, 0, NULL, 3);
INSERT INTO `xxl_job_log` (`id`, `job_group`, `job_id`, `executor_address`, `executor_handler`, `executor_param`, `executor_sharding_param`, `executor_fail_retry_count`, `trigger_time`, `trigger_code`, `trigger_msg`, `handle_time`, `handle_code`, `handle_msg`, `alarm_status`) VALUES (565, 3, 3, NULL, 'CoursePublishJobHandler', '', '0/1', 0, '2023-08-29 13:46:50', 500, '任务触发类型：Cron触发<br>调度机器：172.17.0.2<br>执行器-注册方式：自动注册<br>执行器-地址列表：null<br>路由策略：分片广播(0/1)<br>阻塞处理策略：丢弃后续调度<br>任务超时时间：0<br>失败重试次数：0<br><br><span style=\"color:#00c0ef;\" > >>>>>>>>>>>触发调度<<<<<<<<<<< </span><br>调度失败：执行器地址为空<br><br>', NULL, 0, NULL, 3);
INSERT INTO `xxl_job_log` (`id`, `job_group`, `job_id`, `executor_address`, `executor_handler`, `executor_param`, `executor_sharding_param`, `executor_fail_retry_count`, `trigger_time`, `trigger_code`, `trigger_msg`, `handle_time`, `handle_code`, `handle_msg`, `alarm_status`) VALUES (566, 3, 3, NULL, 'CoursePublishJobHandler', '', '0/1', 0, '2023-08-29 13:47:00', 500, '任务触发类型：Cron触发<br>调度机器：172.17.0.2<br>执行器-注册方式：自动注册<br>执行器-地址列表：null<br>路由策略：分片广播(0/1)<br>阻塞处理策略：丢弃后续调度<br>任务超时时间：0<br>失败重试次数：0<br><br><span style=\"color:#00c0ef;\" > >>>>>>>>>>>触发调度<<<<<<<<<<< </span><br>调度失败：执行器地址为空<br><br>', NULL, 0, NULL, 3);
INSERT INTO `xxl_job_log` (`id`, `job_group`, `job_id`, `executor_address`, `executor_handler`, `executor_param`, `executor_sharding_param`, `executor_fail_retry_count`, `trigger_time`, `trigger_code`, `trigger_msg`, `handle_time`, `handle_code`, `handle_msg`, `alarm_status`) VALUES (567, 3, 3, NULL, 'CoursePublishJobHandler', '', '0/1', 0, '2023-08-29 13:47:50', 500, '任务触发类型：Cron触发<br>调度机器：172.17.0.2<br>执行器-注册方式：自动注册<br>执行器-地址列表：null<br>路由策略：分片广播(0/1)<br>阻塞处理策略：丢弃后续调度<br>任务超时时间：0<br>失败重试次数：0<br><br><span style=\"color:#00c0ef;\" > >>>>>>>>>>>触发调度<<<<<<<<<<< </span><br>调度失败：执行器地址为空<br><br>', NULL, 0, NULL, 3);
INSERT INTO `xxl_job_log` (`id`, `job_group`, `job_id`, `executor_address`, `executor_handler`, `executor_param`, `executor_sharding_param`, `executor_fail_retry_count`, `trigger_time`, `trigger_code`, `trigger_msg`, `handle_time`, `handle_code`, `handle_msg`, `alarm_status`) VALUES (568, 3, 3, NULL, 'CoursePublishJobHandler', '', '0/1', 0, '2023-08-29 13:48:00', 500, '任务触发类型：Cron触发<br>调度机器：172.17.0.2<br>执行器-注册方式：自动注册<br>执行器-地址列表：null<br>路由策略：分片广播(0/1)<br>阻塞处理策略：丢弃后续调度<br>任务超时时间：0<br>失败重试次数：0<br><br><span style=\"color:#00c0ef;\" > >>>>>>>>>>>触发调度<<<<<<<<<<< </span><br>调度失败：执行器地址为空<br><br>', NULL, 0, NULL, 3);
INSERT INTO `xxl_job_log` (`id`, `job_group`, `job_id`, `executor_address`, `executor_handler`, `executor_param`, `executor_sharding_param`, `executor_fail_retry_count`, `trigger_time`, `trigger_code`, `trigger_msg`, `handle_time`, `handle_code`, `handle_msg`, `alarm_status`) VALUES (569, 3, 3, NULL, 'CoursePublishJobHandler', '', '0/1', 0, '2023-08-29 13:48:50', 500, '任务触发类型：Cron触发<br>调度机器：172.17.0.2<br>执行器-注册方式：自动注册<br>执行器-地址列表：null<br>路由策略：分片广播(0/1)<br>阻塞处理策略：丢弃后续调度<br>任务超时时间：0<br>失败重试次数：0<br><br><span style=\"color:#00c0ef;\" > >>>>>>>>>>>触发调度<<<<<<<<<<< </span><br>调度失败：执行器地址为空<br><br>', NULL, 0, NULL, 3);
INSERT INTO `xxl_job_log` (`id`, `job_group`, `job_id`, `executor_address`, `executor_handler`, `executor_param`, `executor_sharding_param`, `executor_fail_retry_count`, `trigger_time`, `trigger_code`, `trigger_msg`, `handle_time`, `handle_code`, `handle_msg`, `alarm_status`) VALUES (570, 3, 3, NULL, 'CoursePublishJobHandler', '', '0/1', 0, '2023-08-29 13:49:00', 500, '任务触发类型：Cron触发<br>调度机器：172.17.0.2<br>执行器-注册方式：自动注册<br>执行器-地址列表：null<br>路由策略：分片广播(0/1)<br>阻塞处理策略：丢弃后续调度<br>任务超时时间：0<br>失败重试次数：0<br><br><span style=\"color:#00c0ef;\" > >>>>>>>>>>>触发调度<<<<<<<<<<< </span><br>调度失败：执行器地址为空<br><br>', NULL, 0, NULL, 3);
INSERT INTO `xxl_job_log` (`id`, `job_group`, `job_id`, `executor_address`, `executor_handler`, `executor_param`, `executor_sharding_param`, `executor_fail_retry_count`, `trigger_time`, `trigger_code`, `trigger_msg`, `handle_time`, `handle_code`, `handle_msg`, `alarm_status`) VALUES (571, 3, 3, NULL, 'CoursePublishJobHandler', '', '0/1', 0, '2023-08-29 13:49:50', 500, '任务触发类型：Cron触发<br>调度机器：172.17.0.2<br>执行器-注册方式：自动注册<br>执行器-地址列表：null<br>路由策略：分片广播(0/1)<br>阻塞处理策略：丢弃后续调度<br>任务超时时间：0<br>失败重试次数：0<br><br><span style=\"color:#00c0ef;\" > >>>>>>>>>>>触发调度<<<<<<<<<<< </span><br>调度失败：执行器地址为空<br><br>', NULL, 0, NULL, 3);
INSERT INTO `xxl_job_log` (`id`, `job_group`, `job_id`, `executor_address`, `executor_handler`, `executor_param`, `executor_sharding_param`, `executor_fail_retry_count`, `trigger_time`, `trigger_code`, `trigger_msg`, `handle_time`, `handle_code`, `handle_msg`, `alarm_status`) VALUES (572, 3, 3, NULL, 'CoursePublishJobHandler', '', '0/1', 0, '2023-08-29 13:50:00', 500, '任务触发类型：Cron触发<br>调度机器：172.17.0.2<br>执行器-注册方式：自动注册<br>执行器-地址列表：null<br>路由策略：分片广播(0/1)<br>阻塞处理策略：丢弃后续调度<br>任务超时时间：0<br>失败重试次数：0<br><br><span style=\"color:#00c0ef;\" > >>>>>>>>>>>触发调度<<<<<<<<<<< </span><br>调度失败：执行器地址为空<br><br>', NULL, 0, NULL, 3);
INSERT INTO `xxl_job_log` (`id`, `job_group`, `job_id`, `executor_address`, `executor_handler`, `executor_param`, `executor_sharding_param`, `executor_fail_retry_count`, `trigger_time`, `trigger_code`, `trigger_msg`, `handle_time`, `handle_code`, `handle_msg`, `alarm_status`) VALUES (573, 3, 3, 'http://172.27.176.225:8999/', 'CoursePublishJobHandler', '', '0/1', 0, '2023-08-29 13:50:50', 200, '任务触发类型：Cron触发<br>调度机器：172.17.0.2<br>执行器-注册方式：自动注册<br>执行器-地址列表：[http://172.27.176.225:8999/]<br>路由策略：分片广播(0/1)<br>阻塞处理策略：丢弃后续调度<br>任务超时时间：0<br>失败重试次数：0<br><br><span style=\"color:#00c0ef;\" > >>>>>>>>>>>触发调度<<<<<<<<<<< </span><br>触发调度：<br>address：http://172.27.176.225:8999/<br>code：200<br>msg：null', '2023-08-29 13:50:51', 200, '', 0);
INSERT INTO `xxl_job_log` (`id`, `job_group`, `job_id`, `executor_address`, `executor_handler`, `executor_param`, `executor_sharding_param`, `executor_fail_retry_count`, `trigger_time`, `trigger_code`, `trigger_msg`, `handle_time`, `handle_code`, `handle_msg`, `alarm_status`) VALUES (574, 3, 3, 'http://172.27.176.225:8999/', 'CoursePublishJobHandler', '', '0/1', 0, '2023-08-29 13:51:00', 200, '任务触发类型：Cron触发<br>调度机器：172.17.0.2<br>执行器-注册方式：自动注册<br>执行器-地址列表：[http://172.27.176.225:8999/]<br>路由策略：分片广播(0/1)<br>阻塞处理策略：丢弃后续调度<br>任务超时时间：0<br>失败重试次数：0<br><br><span style=\"color:#00c0ef;\" > >>>>>>>>>>>触发调度<<<<<<<<<<< </span><br>触发调度：<br>address：http://172.27.176.225:8999/<br>code：200<br>msg：null', '2023-08-29 13:51:00', 200, '', 0);
INSERT INTO `xxl_job_log` (`id`, `job_group`, `job_id`, `executor_address`, `executor_handler`, `executor_param`, `executor_sharding_param`, `executor_fail_retry_count`, `trigger_time`, `trigger_code`, `trigger_msg`, `handle_time`, `handle_code`, `handle_msg`, `alarm_status`) VALUES (575, 3, 3, 'http://172.27.176.225:8999/', 'CoursePublishJobHandler', '', '0/1', 0, '2023-08-29 13:51:50', 200, '任务触发类型：Cron触发<br>调度机器：172.17.0.2<br>执行器-注册方式：自动注册<br>执行器-地址列表：[http://172.27.176.225:8999/]<br>路由策略：分片广播(0/1)<br>阻塞处理策略：丢弃后续调度<br>任务超时时间：0<br>失败重试次数：0<br><br><span style=\"color:#00c0ef;\" > >>>>>>>>>>>触发调度<<<<<<<<<<< </span><br>触发调度：<br>address：http://172.27.176.225:8999/<br>code：200<br>msg：null', '2023-08-29 13:51:50', 200, '', 0);
INSERT INTO `xxl_job_log` (`id`, `job_group`, `job_id`, `executor_address`, `executor_handler`, `executor_param`, `executor_sharding_param`, `executor_fail_retry_count`, `trigger_time`, `trigger_code`, `trigger_msg`, `handle_time`, `handle_code`, `handle_msg`, `alarm_status`) VALUES (576, 3, 3, 'http://172.27.176.225:8999/', 'CoursePublishJobHandler', '', '0/1', 0, '2023-08-29 13:52:00', 200, '任务触发类型：Cron触发<br>调度机器：172.17.0.2<br>执行器-注册方式：自动注册<br>执行器-地址列表：[http://172.27.176.225:8999/]<br>路由策略：分片广播(0/1)<br>阻塞处理策略：丢弃后续调度<br>任务超时时间：0<br>失败重试次数：0<br><br><span style=\"color:#00c0ef;\" > >>>>>>>>>>>触发调度<<<<<<<<<<< </span><br>触发调度：<br>address：http://172.27.176.225:8999/<br>code：200<br>msg：null', '2023-08-29 13:52:00', 200, '', 0);
INSERT INTO `xxl_job_log` (`id`, `job_group`, `job_id`, `executor_address`, `executor_handler`, `executor_param`, `executor_sharding_param`, `executor_fail_retry_count`, `trigger_time`, `trigger_code`, `trigger_msg`, `handle_time`, `handle_code`, `handle_msg`, `alarm_status`) VALUES (577, 3, 3, 'http://172.27.176.225:8999/', 'CoursePublishJobHandler', '', '0/1', 0, '2023-08-29 13:52:50', 200, '任务触发类型：Cron触发<br>调度机器：172.17.0.2<br>执行器-注册方式：自动注册<br>执行器-地址列表：[http://172.27.176.225:8999/]<br>路由策略：分片广播(0/1)<br>阻塞处理策略：丢弃后续调度<br>任务超时时间：0<br>失败重试次数：0<br><br><span style=\"color:#00c0ef;\" > >>>>>>>>>>>触发调度<<<<<<<<<<< </span><br>触发调度：<br>address：http://172.27.176.225:8999/<br>code：200<br>msg：null', '2023-08-29 13:52:50', 200, '', 0);
INSERT INTO `xxl_job_log` (`id`, `job_group`, `job_id`, `executor_address`, `executor_handler`, `executor_param`, `executor_sharding_param`, `executor_fail_retry_count`, `trigger_time`, `trigger_code`, `trigger_msg`, `handle_time`, `handle_code`, `handle_msg`, `alarm_status`) VALUES (578, 3, 3, 'http://172.27.176.225:8999/', 'CoursePublishJobHandler', '', '0/1', 0, '2023-08-29 13:53:00', 200, '任务触发类型：Cron触发<br>调度机器：172.17.0.2<br>执行器-注册方式：自动注册<br>执行器-地址列表：[http://172.27.176.225:8999/]<br>路由策略：分片广播(0/1)<br>阻塞处理策略：丢弃后续调度<br>任务超时时间：0<br>失败重试次数：0<br><br><span style=\"color:#00c0ef;\" > >>>>>>>>>>>触发调度<<<<<<<<<<< </span><br>触发调度：<br>address：http://172.27.176.225:8999/<br>code：200<br>msg：null', '2023-08-29 13:53:00', 200, '', 0);
INSERT INTO `xxl_job_log` (`id`, `job_group`, `job_id`, `executor_address`, `executor_handler`, `executor_param`, `executor_sharding_param`, `executor_fail_retry_count`, `trigger_time`, `trigger_code`, `trigger_msg`, `handle_time`, `handle_code`, `handle_msg`, `alarm_status`) VALUES (579, 3, 3, 'http://172.27.176.225:8999/', 'CoursePublishJobHandler', '', '0/1', 0, '2023-08-29 13:53:50', 200, '任务触发类型：Cron触发<br>调度机器：172.17.0.2<br>执行器-注册方式：自动注册<br>执行器-地址列表：[http://172.27.176.225:8999/]<br>路由策略：分片广播(0/1)<br>阻塞处理策略：丢弃后续调度<br>任务超时时间：0<br>失败重试次数：0<br><br><span style=\"color:#00c0ef;\" > >>>>>>>>>>>触发调度<<<<<<<<<<< </span><br>触发调度：<br>address：http://172.27.176.225:8999/<br>code：200<br>msg：null', '2023-08-29 13:53:50', 200, '', 0);
INSERT INTO `xxl_job_log` (`id`, `job_group`, `job_id`, `executor_address`, `executor_handler`, `executor_param`, `executor_sharding_param`, `executor_fail_retry_count`, `trigger_time`, `trigger_code`, `trigger_msg`, `handle_time`, `handle_code`, `handle_msg`, `alarm_status`) VALUES (580, 3, 3, 'http://172.27.176.225:8999/', 'CoursePublishJobHandler', '', '0/1', 0, '2023-08-29 13:54:00', 200, '任务触发类型：Cron触发<br>调度机器：172.17.0.2<br>执行器-注册方式：自动注册<br>执行器-地址列表：[http://172.27.176.225:8999/]<br>路由策略：分片广播(0/1)<br>阻塞处理策略：丢弃后续调度<br>任务超时时间：0<br>失败重试次数：0<br><br><span style=\"color:#00c0ef;\" > >>>>>>>>>>>触发调度<<<<<<<<<<< </span><br>触发调度：<br>address：http://172.27.176.225:8999/<br>code：200<br>msg：null', '2023-08-29 13:54:00', 200, '', 0);
INSERT INTO `xxl_job_log` (`id`, `job_group`, `job_id`, `executor_address`, `executor_handler`, `executor_param`, `executor_sharding_param`, `executor_fail_retry_count`, `trigger_time`, `trigger_code`, `trigger_msg`, `handle_time`, `handle_code`, `handle_msg`, `alarm_status`) VALUES (581, 3, 3, 'http://172.27.176.225:8999/', 'CoursePublishJobHandler', '', '0/1', 0, '2023-08-29 13:54:50', 200, '任务触发类型：Cron触发<br>调度机器：172.17.0.2<br>执行器-注册方式：自动注册<br>执行器-地址列表：[http://172.27.176.225:8999/]<br>路由策略：分片广播(0/1)<br>阻塞处理策略：丢弃后续调度<br>任务超时时间：0<br>失败重试次数：0<br><br><span style=\"color:#00c0ef;\" > >>>>>>>>>>>触发调度<<<<<<<<<<< </span><br>触发调度：<br>address：http://172.27.176.225:8999/<br>code：200<br>msg：null', '2023-08-29 13:54:50', 200, '', 0);
INSERT INTO `xxl_job_log` (`id`, `job_group`, `job_id`, `executor_address`, `executor_handler`, `executor_param`, `executor_sharding_param`, `executor_fail_retry_count`, `trigger_time`, `trigger_code`, `trigger_msg`, `handle_time`, `handle_code`, `handle_msg`, `alarm_status`) VALUES (582, 3, 3, 'http://172.27.176.225:8999/', 'CoursePublishJobHandler', '', '0/1', 0, '2023-08-29 13:55:00', 200, '任务触发类型：Cron触发<br>调度机器：172.17.0.2<br>执行器-注册方式：自动注册<br>执行器-地址列表：[http://172.27.176.225:8999/]<br>路由策略：分片广播(0/1)<br>阻塞处理策略：丢弃后续调度<br>任务超时时间：0<br>失败重试次数：0<br><br><span style=\"color:#00c0ef;\" > >>>>>>>>>>>触发调度<<<<<<<<<<< </span><br>触发调度：<br>address：http://172.27.176.225:8999/<br>code：200<br>msg：null', '2023-08-29 13:55:00', 200, '', 0);
INSERT INTO `xxl_job_log` (`id`, `job_group`, `job_id`, `executor_address`, `executor_handler`, `executor_param`, `executor_sharding_param`, `executor_fail_retry_count`, `trigger_time`, `trigger_code`, `trigger_msg`, `handle_time`, `handle_code`, `handle_msg`, `alarm_status`) VALUES (583, 3, 3, NULL, 'CoursePublishJobHandler', '', '0/1', 0, '2023-08-29 13:55:50', 500, '任务触发类型：Cron触发<br>调度机器：172.17.0.2<br>执行器-注册方式：自动注册<br>执行器-地址列表：null<br>路由策略：分片广播(0/1)<br>阻塞处理策略：丢弃后续调度<br>任务超时时间：0<br>失败重试次数：0<br><br><span style=\"color:#00c0ef;\" > >>>>>>>>>>>触发调度<<<<<<<<<<< </span><br>调度失败：执行器地址为空<br><br>', NULL, 0, NULL, 3);
INSERT INTO `xxl_job_log` (`id`, `job_group`, `job_id`, `executor_address`, `executor_handler`, `executor_param`, `executor_sharding_param`, `executor_fail_retry_count`, `trigger_time`, `trigger_code`, `trigger_msg`, `handle_time`, `handle_code`, `handle_msg`, `alarm_status`) VALUES (584, 3, 3, NULL, 'CoursePublishJobHandler', '', '0/1', 0, '2023-08-29 13:56:00', 500, '任务触发类型：Cron触发<br>调度机器：172.17.0.2<br>执行器-注册方式：自动注册<br>执行器-地址列表：null<br>路由策略：分片广播(0/1)<br>阻塞处理策略：丢弃后续调度<br>任务超时时间：0<br>失败重试次数：0<br><br><span style=\"color:#00c0ef;\" > >>>>>>>>>>>触发调度<<<<<<<<<<< </span><br>调度失败：执行器地址为空<br><br>', NULL, 0, NULL, 3);
INSERT INTO `xxl_job_log` (`id`, `job_group`, `job_id`, `executor_address`, `executor_handler`, `executor_param`, `executor_sharding_param`, `executor_fail_retry_count`, `trigger_time`, `trigger_code`, `trigger_msg`, `handle_time`, `handle_code`, `handle_msg`, `alarm_status`) VALUES (585, 3, 3, NULL, 'CoursePublishJobHandler', '', '0/1', 0, '2023-08-29 13:56:50', 500, '任务触发类型：Cron触发<br>调度机器：172.17.0.2<br>执行器-注册方式：自动注册<br>执行器-地址列表：null<br>路由策略：分片广播(0/1)<br>阻塞处理策略：丢弃后续调度<br>任务超时时间：0<br>失败重试次数：0<br><br><span style=\"color:#00c0ef;\" > >>>>>>>>>>>触发调度<<<<<<<<<<< </span><br>调度失败：执行器地址为空<br><br>', NULL, 0, NULL, 3);
INSERT INTO `xxl_job_log` (`id`, `job_group`, `job_id`, `executor_address`, `executor_handler`, `executor_param`, `executor_sharding_param`, `executor_fail_retry_count`, `trigger_time`, `trigger_code`, `trigger_msg`, `handle_time`, `handle_code`, `handle_msg`, `alarm_status`) VALUES (586, 3, 3, NULL, 'CoursePublishJobHandler', '', '0/1', 0, '2023-08-29 13:57:00', 500, '任务触发类型：Cron触发<br>调度机器：172.17.0.2<br>执行器-注册方式：自动注册<br>执行器-地址列表：null<br>路由策略：分片广播(0/1)<br>阻塞处理策略：丢弃后续调度<br>任务超时时间：0<br>失败重试次数：0<br><br><span style=\"color:#00c0ef;\" > >>>>>>>>>>>触发调度<<<<<<<<<<< </span><br>调度失败：执行器地址为空<br><br>', NULL, 0, NULL, 3);
INSERT INTO `xxl_job_log` (`id`, `job_group`, `job_id`, `executor_address`, `executor_handler`, `executor_param`, `executor_sharding_param`, `executor_fail_retry_count`, `trigger_time`, `trigger_code`, `trigger_msg`, `handle_time`, `handle_code`, `handle_msg`, `alarm_status`) VALUES (587, 3, 3, NULL, 'CoursePublishJobHandler', '', '0/1', 0, '2023-08-29 13:57:50', 500, '任务触发类型：Cron触发<br>调度机器：172.17.0.2<br>执行器-注册方式：自动注册<br>执行器-地址列表：null<br>路由策略：分片广播(0/1)<br>阻塞处理策略：丢弃后续调度<br>任务超时时间：0<br>失败重试次数：0<br><br><span style=\"color:#00c0ef;\" > >>>>>>>>>>>触发调度<<<<<<<<<<< </span><br>调度失败：执行器地址为空<br><br>', NULL, 0, NULL, 3);
INSERT INTO `xxl_job_log` (`id`, `job_group`, `job_id`, `executor_address`, `executor_handler`, `executor_param`, `executor_sharding_param`, `executor_fail_retry_count`, `trigger_time`, `trigger_code`, `trigger_msg`, `handle_time`, `handle_code`, `handle_msg`, `alarm_status`) VALUES (588, 3, 3, NULL, 'CoursePublishJobHandler', '', '0/1', 0, '2023-08-29 13:58:00', 500, '任务触发类型：Cron触发<br>调度机器：172.17.0.2<br>执行器-注册方式：自动注册<br>执行器-地址列表：null<br>路由策略：分片广播(0/1)<br>阻塞处理策略：丢弃后续调度<br>任务超时时间：0<br>失败重试次数：0<br><br><span style=\"color:#00c0ef;\" > >>>>>>>>>>>触发调度<<<<<<<<<<< </span><br>调度失败：执行器地址为空<br><br>', NULL, 0, NULL, 3);
INSERT INTO `xxl_job_log` (`id`, `job_group`, `job_id`, `executor_address`, `executor_handler`, `executor_param`, `executor_sharding_param`, `executor_fail_retry_count`, `trigger_time`, `trigger_code`, `trigger_msg`, `handle_time`, `handle_code`, `handle_msg`, `alarm_status`) VALUES (589, 3, 3, NULL, 'CoursePublishJobHandler', '', '0/1', 0, '2023-08-29 13:58:50', 500, '任务触发类型：Cron触发<br>调度机器：172.17.0.2<br>执行器-注册方式：自动注册<br>执行器-地址列表：null<br>路由策略：分片广播(0/1)<br>阻塞处理策略：丢弃后续调度<br>任务超时时间：0<br>失败重试次数：0<br><br><span style=\"color:#00c0ef;\" > >>>>>>>>>>>触发调度<<<<<<<<<<< </span><br>调度失败：执行器地址为空<br><br>', NULL, 0, NULL, 3);
INSERT INTO `xxl_job_log` (`id`, `job_group`, `job_id`, `executor_address`, `executor_handler`, `executor_param`, `executor_sharding_param`, `executor_fail_retry_count`, `trigger_time`, `trigger_code`, `trigger_msg`, `handle_time`, `handle_code`, `handle_msg`, `alarm_status`) VALUES (590, 3, 3, NULL, 'CoursePublishJobHandler', '', '0/1', 0, '2023-08-29 13:59:00', 500, '任务触发类型：Cron触发<br>调度机器：172.17.0.2<br>执行器-注册方式：自动注册<br>执行器-地址列表：null<br>路由策略：分片广播(0/1)<br>阻塞处理策略：丢弃后续调度<br>任务超时时间：0<br>失败重试次数：0<br><br><span style=\"color:#00c0ef;\" > >>>>>>>>>>>触发调度<<<<<<<<<<< </span><br>调度失败：执行器地址为空<br><br>', NULL, 0, NULL, 3);
INSERT INTO `xxl_job_log` (`id`, `job_group`, `job_id`, `executor_address`, `executor_handler`, `executor_param`, `executor_sharding_param`, `executor_fail_retry_count`, `trigger_time`, `trigger_code`, `trigger_msg`, `handle_time`, `handle_code`, `handle_msg`, `alarm_status`) VALUES (591, 3, 3, NULL, 'CoursePublishJobHandler', '', '0/1', 0, '2023-08-29 13:59:50', 500, '任务触发类型：Cron触发<br>调度机器：172.17.0.2<br>执行器-注册方式：自动注册<br>执行器-地址列表：null<br>路由策略：分片广播(0/1)<br>阻塞处理策略：丢弃后续调度<br>任务超时时间：0<br>失败重试次数：0<br><br><span style=\"color:#00c0ef;\" > >>>>>>>>>>>触发调度<<<<<<<<<<< </span><br>调度失败：执行器地址为空<br><br>', NULL, 0, NULL, 3);
INSERT INTO `xxl_job_log` (`id`, `job_group`, `job_id`, `executor_address`, `executor_handler`, `executor_param`, `executor_sharding_param`, `executor_fail_retry_count`, `trigger_time`, `trigger_code`, `trigger_msg`, `handle_time`, `handle_code`, `handle_msg`, `alarm_status`) VALUES (592, 3, 3, NULL, 'CoursePublishJobHandler', '', '0/1', 0, '2023-08-29 14:00:00', 500, '任务触发类型：Cron触发<br>调度机器：172.17.0.2<br>执行器-注册方式：自动注册<br>执行器-地址列表：null<br>路由策略：分片广播(0/1)<br>阻塞处理策略：丢弃后续调度<br>任务超时时间：0<br>失败重试次数：0<br><br><span style=\"color:#00c0ef;\" > >>>>>>>>>>>触发调度<<<<<<<<<<< </span><br>调度失败：执行器地址为空<br><br>', NULL, 0, NULL, 3);
INSERT INTO `xxl_job_log` (`id`, `job_group`, `job_id`, `executor_address`, `executor_handler`, `executor_param`, `executor_sharding_param`, `executor_fail_retry_count`, `trigger_time`, `trigger_code`, `trigger_msg`, `handle_time`, `handle_code`, `handle_msg`, `alarm_status`) VALUES (593, 3, 3, 'http://172.27.176.225:8999/', 'CoursePublishJobHandler', '', '0/1', 0, '2023-08-29 14:00:50', 200, '任务触发类型：Cron触发<br>调度机器：172.17.0.2<br>执行器-注册方式：自动注册<br>执行器-地址列表：[http://172.27.176.225:8999/]<br>路由策略：分片广播(0/1)<br>阻塞处理策略：丢弃后续调度<br>任务超时时间：0<br>失败重试次数：0<br><br><span style=\"color:#00c0ef;\" > >>>>>>>>>>>触发调度<<<<<<<<<<< </span><br>触发调度：<br>address：http://172.27.176.225:8999/<br>code：200<br>msg：null', '2023-08-29 14:00:51', 200, '', 0);
INSERT INTO `xxl_job_log` (`id`, `job_group`, `job_id`, `executor_address`, `executor_handler`, `executor_param`, `executor_sharding_param`, `executor_fail_retry_count`, `trigger_time`, `trigger_code`, `trigger_msg`, `handle_time`, `handle_code`, `handle_msg`, `alarm_status`) VALUES (594, 3, 3, 'http://172.27.176.225:8999/', 'CoursePublishJobHandler', '', '0/1', 0, '2023-08-29 14:01:00', 200, '任务触发类型：Cron触发<br>调度机器：172.17.0.2<br>执行器-注册方式：自动注册<br>执行器-地址列表：[http://172.27.176.225:8999/]<br>路由策略：分片广播(0/1)<br>阻塞处理策略：丢弃后续调度<br>任务超时时间：0<br>失败重试次数：0<br><br><span style=\"color:#00c0ef;\" > >>>>>>>>>>>触发调度<<<<<<<<<<< </span><br>触发调度：<br>address：http://172.27.176.225:8999/<br>code：200<br>msg：null', '2023-08-29 14:01:00', 200, '', 0);
INSERT INTO `xxl_job_log` (`id`, `job_group`, `job_id`, `executor_address`, `executor_handler`, `executor_param`, `executor_sharding_param`, `executor_fail_retry_count`, `trigger_time`, `trigger_code`, `trigger_msg`, `handle_time`, `handle_code`, `handle_msg`, `alarm_status`) VALUES (595, 3, 3, 'http://172.27.176.225:8999/', 'CoursePublishJobHandler', '', '0/1', 0, '2023-08-29 14:01:50', 500, '任务触发类型：Cron触发<br>调度机器：172.17.0.2<br>执行器-注册方式：自动注册<br>执行器-地址列表：[http://172.27.176.225:8999/]<br>路由策略：分片广播(0/1)<br>阻塞处理策略：丢弃后续调度<br>任务超时时间：0<br>失败重试次数：0<br><br><span style=\"color:#00c0ef;\" > >>>>>>>>>>>触发调度<<<<<<<<<<< </span><br>触发调度：<br>address：http://172.27.176.225:8999/<br>code：500<br>msg：xxl-rpc remoting error(Connection refused (Connection refused)), for url : http://172.27.176.225:8999/run', NULL, 0, NULL, 3);
INSERT INTO `xxl_job_log` (`id`, `job_group`, `job_id`, `executor_address`, `executor_handler`, `executor_param`, `executor_sharding_param`, `executor_fail_retry_count`, `trigger_time`, `trigger_code`, `trigger_msg`, `handle_time`, `handle_code`, `handle_msg`, `alarm_status`) VALUES (596, 3, 3, 'http://172.27.176.225:8999/', 'CoursePublishJobHandler', '', '0/1', 0, '2023-08-29 14:02:00', 500, '任务触发类型：Cron触发<br>调度机器：172.17.0.2<br>执行器-注册方式：自动注册<br>执行器-地址列表：[http://172.27.176.225:8999/]<br>路由策略：分片广播(0/1)<br>阻塞处理策略：丢弃后续调度<br>任务超时时间：0<br>失败重试次数：0<br><br><span style=\"color:#00c0ef;\" > >>>>>>>>>>>触发调度<<<<<<<<<<< </span><br>触发调度：<br>address：http://172.27.176.225:8999/<br>code：500<br>msg：xxl-rpc remoting error(Connection refused (Connection refused)), for url : http://172.27.176.225:8999/run', NULL, 0, NULL, 3);
INSERT INTO `xxl_job_log` (`id`, `job_group`, `job_id`, `executor_address`, `executor_handler`, `executor_param`, `executor_sharding_param`, `executor_fail_retry_count`, `trigger_time`, `trigger_code`, `trigger_msg`, `handle_time`, `handle_code`, `handle_msg`, `alarm_status`) VALUES (597, 3, 3, 'http://172.27.176.225:8999/', 'CoursePublishJobHandler', '', '0/1', 0, '2023-08-29 14:02:50', 200, '任务触发类型：Cron触发<br>调度机器：172.17.0.2<br>执行器-注册方式：自动注册<br>执行器-地址列表：[http://172.27.176.225:8999/]<br>路由策略：分片广播(0/1)<br>阻塞处理策略：丢弃后续调度<br>任务超时时间：0<br>失败重试次数：0<br><br><span style=\"color:#00c0ef;\" > >>>>>>>>>>>触发调度<<<<<<<<<<< </span><br>触发调度：<br>address：http://172.27.176.225:8999/<br>code：200<br>msg：null', '2023-08-29 14:02:50', 200, '', 0);
INSERT INTO `xxl_job_log` (`id`, `job_group`, `job_id`, `executor_address`, `executor_handler`, `executor_param`, `executor_sharding_param`, `executor_fail_retry_count`, `trigger_time`, `trigger_code`, `trigger_msg`, `handle_time`, `handle_code`, `handle_msg`, `alarm_status`) VALUES (598, 3, 3, 'http://172.27.176.225:8999/', 'CoursePublishJobHandler', '', '0/1', 0, '2023-08-29 14:03:00', 200, '任务触发类型：Cron触发<br>调度机器：172.17.0.2<br>执行器-注册方式：自动注册<br>执行器-地址列表：[http://172.27.176.225:8999/]<br>路由策略：分片广播(0/1)<br>阻塞处理策略：丢弃后续调度<br>任务超时时间：0<br>失败重试次数：0<br><br><span style=\"color:#00c0ef;\" > >>>>>>>>>>>触发调度<<<<<<<<<<< </span><br>触发调度：<br>address：http://172.27.176.225:8999/<br>code：200<br>msg：null', '2023-08-29 14:03:00', 200, '', 0);
INSERT INTO `xxl_job_log` (`id`, `job_group`, `job_id`, `executor_address`, `executor_handler`, `executor_param`, `executor_sharding_param`, `executor_fail_retry_count`, `trigger_time`, `trigger_code`, `trigger_msg`, `handle_time`, `handle_code`, `handle_msg`, `alarm_status`) VALUES (599, 3, 3, 'http://172.27.176.225:8999/', 'CoursePublishJobHandler', '', '0/1', 0, '2023-08-29 14:03:50', 200, '任务触发类型：Cron触发<br>调度机器：172.17.0.2<br>执行器-注册方式：自动注册<br>执行器-地址列表：[http://172.27.176.225:8999/]<br>路由策略：分片广播(0/1)<br>阻塞处理策略：丢弃后续调度<br>任务超时时间：0<br>失败重试次数：0<br><br><span style=\"color:#00c0ef;\" > >>>>>>>>>>>触发调度<<<<<<<<<<< </span><br>触发调度：<br>address：http://172.27.176.225:8999/<br>code：200<br>msg：null', '2023-08-29 14:03:50', 200, '', 0);
INSERT INTO `xxl_job_log` (`id`, `job_group`, `job_id`, `executor_address`, `executor_handler`, `executor_param`, `executor_sharding_param`, `executor_fail_retry_count`, `trigger_time`, `trigger_code`, `trigger_msg`, `handle_time`, `handle_code`, `handle_msg`, `alarm_status`) VALUES (600, 3, 3, 'http://172.27.176.225:8999/', 'CoursePublishJobHandler', '', '0/1', 0, '2023-08-29 14:04:00', 200, '任务触发类型：Cron触发<br>调度机器：172.17.0.2<br>执行器-注册方式：自动注册<br>执行器-地址列表：[http://172.27.176.225:8999/]<br>路由策略：分片广播(0/1)<br>阻塞处理策略：丢弃后续调度<br>任务超时时间：0<br>失败重试次数：0<br><br><span style=\"color:#00c0ef;\" > >>>>>>>>>>>触发调度<<<<<<<<<<< </span><br>触发调度：<br>address：http://172.27.176.225:8999/<br>code：200<br>msg：null', '2023-08-29 14:04:00', 200, '', 0);
INSERT INTO `xxl_job_log` (`id`, `job_group`, `job_id`, `executor_address`, `executor_handler`, `executor_param`, `executor_sharding_param`, `executor_fail_retry_count`, `trigger_time`, `trigger_code`, `trigger_msg`, `handle_time`, `handle_code`, `handle_msg`, `alarm_status`) VALUES (601, 3, 3, 'http://172.27.176.225:8999/', 'CoursePublishJobHandler', '', '0/1', 0, '2023-08-29 14:04:50', 200, '任务触发类型：Cron触发<br>调度机器：172.17.0.2<br>执行器-注册方式：自动注册<br>执行器-地址列表：[http://172.27.176.225:8999/]<br>路由策略：分片广播(0/1)<br>阻塞处理策略：丢弃后续调度<br>任务超时时间：0<br>失败重试次数：0<br><br><span style=\"color:#00c0ef;\" > >>>>>>>>>>>触发调度<<<<<<<<<<< </span><br>触发调度：<br>address：http://172.27.176.225:8999/<br>code：200<br>msg：null', '2023-08-29 14:04:50', 200, '', 0);
INSERT INTO `xxl_job_log` (`id`, `job_group`, `job_id`, `executor_address`, `executor_handler`, `executor_param`, `executor_sharding_param`, `executor_fail_retry_count`, `trigger_time`, `trigger_code`, `trigger_msg`, `handle_time`, `handle_code`, `handle_msg`, `alarm_status`) VALUES (602, 3, 3, 'http://172.27.176.225:8999/', 'CoursePublishJobHandler', '', '0/1', 0, '2023-08-29 14:05:00', 500, '任务触发类型：Cron触发<br>调度机器：172.17.0.2<br>执行器-注册方式：自动注册<br>执行器-地址列表：[http://172.27.176.225:8999/]<br>路由策略：分片广播(0/1)<br>阻塞处理策略：丢弃后续调度<br>任务超时时间：0<br>失败重试次数：0<br><br><span style=\"color:#00c0ef;\" > >>>>>>>>>>>触发调度<<<<<<<<<<< </span><br>触发调度：<br>address：http://172.27.176.225:8999/<br>code：500<br>msg：xxl-rpc remoting error(Connection refused (Connection refused)), for url : http://172.27.176.225:8999/run', NULL, 0, NULL, 3);
INSERT INTO `xxl_job_log` (`id`, `job_group`, `job_id`, `executor_address`, `executor_handler`, `executor_param`, `executor_sharding_param`, `executor_fail_retry_count`, `trigger_time`, `trigger_code`, `trigger_msg`, `handle_time`, `handle_code`, `handle_msg`, `alarm_status`) VALUES (603, 3, 3, 'http://172.27.176.225:8999/', 'CoursePublishJobHandler', '', '0/1', 0, '2023-08-29 14:05:50', 200, '任务触发类型：Cron触发<br>调度机器：172.17.0.2<br>执行器-注册方式：自动注册<br>执行器-地址列表：[http://172.27.176.225:8999/]<br>路由策略：分片广播(0/1)<br>阻塞处理策略：丢弃后续调度<br>任务超时时间：0<br>失败重试次数：0<br><br><span style=\"color:#00c0ef;\" > >>>>>>>>>>>触发调度<<<<<<<<<<< </span><br>触发调度：<br>address：http://172.27.176.225:8999/<br>code：200<br>msg：null', '2023-08-29 14:05:51', 200, '', 0);
INSERT INTO `xxl_job_log` (`id`, `job_group`, `job_id`, `executor_address`, `executor_handler`, `executor_param`, `executor_sharding_param`, `executor_fail_retry_count`, `trigger_time`, `trigger_code`, `trigger_msg`, `handle_time`, `handle_code`, `handle_msg`, `alarm_status`) VALUES (604, 3, 3, 'http://172.27.176.225:8999/', 'CoursePublishJobHandler', '', '0/1', 0, '2023-08-29 14:06:00', 200, '任务触发类型：Cron触发<br>调度机器：172.17.0.2<br>执行器-注册方式：自动注册<br>执行器-地址列表：[http://172.27.176.225:8999/]<br>路由策略：分片广播(0/1)<br>阻塞处理策略：丢弃后续调度<br>任务超时时间：0<br>失败重试次数：0<br><br><span style=\"color:#00c0ef;\" > >>>>>>>>>>>触发调度<<<<<<<<<<< </span><br>触发调度：<br>address：http://172.27.176.225:8999/<br>code：200<br>msg：null', '2023-08-29 14:06:00', 200, '', 0);
INSERT INTO `xxl_job_log` (`id`, `job_group`, `job_id`, `executor_address`, `executor_handler`, `executor_param`, `executor_sharding_param`, `executor_fail_retry_count`, `trigger_time`, `trigger_code`, `trigger_msg`, `handle_time`, `handle_code`, `handle_msg`, `alarm_status`) VALUES (605, 3, 3, 'http://172.27.176.225:8999/', 'CoursePublishJobHandler', '', '0/1', 0, '2023-08-29 14:06:50', 500, '任务触发类型：Cron触发<br>调度机器：172.17.0.2<br>执行器-注册方式：自动注册<br>执行器-地址列表：[http://172.27.176.225:8999/]<br>路由策略：分片广播(0/1)<br>阻塞处理策略：丢弃后续调度<br>任务超时时间：0<br>失败重试次数：0<br><br><span style=\"color:#00c0ef;\" > >>>>>>>>>>>触发调度<<<<<<<<<<< </span><br>触发调度：<br>address：http://172.27.176.225:8999/<br>code：500<br>msg：xxl-rpc remoting error(Connection refused (Connection refused)), for url : http://172.27.176.225:8999/run', NULL, 0, NULL, 3);
INSERT INTO `xxl_job_log` (`id`, `job_group`, `job_id`, `executor_address`, `executor_handler`, `executor_param`, `executor_sharding_param`, `executor_fail_retry_count`, `trigger_time`, `trigger_code`, `trigger_msg`, `handle_time`, `handle_code`, `handle_msg`, `alarm_status`) VALUES (606, 3, 3, 'http://172.27.176.225:8999/', 'CoursePublishJobHandler', '', '0/1', 0, '2023-08-29 14:07:00', 200, '任务触发类型：Cron触发<br>调度机器：172.17.0.2<br>执行器-注册方式：自动注册<br>执行器-地址列表：[http://172.27.176.225:8999/]<br>路由策略：分片广播(0/1)<br>阻塞处理策略：丢弃后续调度<br>任务超时时间：0<br>失败重试次数：0<br><br><span style=\"color:#00c0ef;\" > >>>>>>>>>>>触发调度<<<<<<<<<<< </span><br>触发调度：<br>address：http://172.27.176.225:8999/<br>code：200<br>msg：null', '2023-08-29 14:07:08', 200, '', 0);
INSERT INTO `xxl_job_log` (`id`, `job_group`, `job_id`, `executor_address`, `executor_handler`, `executor_param`, `executor_sharding_param`, `executor_fail_retry_count`, `trigger_time`, `trigger_code`, `trigger_msg`, `handle_time`, `handle_code`, `handle_msg`, `alarm_status`) VALUES (607, 3, 3, NULL, 'CoursePublishJobHandler', '', '0/1', 0, '2023-08-29 14:07:50', 500, '任务触发类型：Cron触发<br>调度机器：172.17.0.2<br>执行器-注册方式：自动注册<br>执行器-地址列表：null<br>路由策略：分片广播(0/1)<br>阻塞处理策略：丢弃后续调度<br>任务超时时间：0<br>失败重试次数：0<br><br><span style=\"color:#00c0ef;\" > >>>>>>>>>>>触发调度<<<<<<<<<<< </span><br>调度失败：执行器地址为空<br><br>', NULL, 0, NULL, 3);
INSERT INTO `xxl_job_log` (`id`, `job_group`, `job_id`, `executor_address`, `executor_handler`, `executor_param`, `executor_sharding_param`, `executor_fail_retry_count`, `trigger_time`, `trigger_code`, `trigger_msg`, `handle_time`, `handle_code`, `handle_msg`, `alarm_status`) VALUES (608, 3, 3, NULL, 'CoursePublishJobHandler', '', '0/1', 0, '2023-08-29 14:08:00', 500, '任务触发类型：Cron触发<br>调度机器：172.17.0.2<br>执行器-注册方式：自动注册<br>执行器-地址列表：null<br>路由策略：分片广播(0/1)<br>阻塞处理策略：丢弃后续调度<br>任务超时时间：0<br>失败重试次数：0<br><br><span style=\"color:#00c0ef;\" > >>>>>>>>>>>触发调度<<<<<<<<<<< </span><br>调度失败：执行器地址为空<br><br>', NULL, 0, NULL, 3);
INSERT INTO `xxl_job_log` (`id`, `job_group`, `job_id`, `executor_address`, `executor_handler`, `executor_param`, `executor_sharding_param`, `executor_fail_retry_count`, `trigger_time`, `trigger_code`, `trigger_msg`, `handle_time`, `handle_code`, `handle_msg`, `alarm_status`) VALUES (609, 3, 3, NULL, 'CoursePublishJobHandler', '', '0/1', 0, '2023-08-31 07:06:00', 500, '任务触发类型：Cron触发<br>调度机器：172.17.0.2<br>执行器-注册方式：自动注册<br>执行器-地址列表：null<br>路由策略：分片广播(0/1)<br>阻塞处理策略：丢弃后续调度<br>任务超时时间：0<br>失败重试次数：0<br><br><span style=\"color:#00c0ef;\" > >>>>>>>>>>>触发调度<<<<<<<<<<< </span><br>调度失败：执行器地址为空<br><br>', NULL, 0, NULL, 3);
INSERT INTO `xxl_job_log` (`id`, `job_group`, `job_id`, `executor_address`, `executor_handler`, `executor_param`, `executor_sharding_param`, `executor_fail_retry_count`, `trigger_time`, `trigger_code`, `trigger_msg`, `handle_time`, `handle_code`, `handle_msg`, `alarm_status`) VALUES (610, 3, 3, 'http://172.27.246.122:8999/', 'CoursePublishJobHandler', '', '0/1', 0, '2023-08-31 07:06:50', 200, '任务触发类型：Cron触发<br>调度机器：172.17.0.2<br>执行器-注册方式：自动注册<br>执行器-地址列表：[http://172.27.246.122:8999/]<br>路由策略：分片广播(0/1)<br>阻塞处理策略：丢弃后续调度<br>任务超时时间：0<br>失败重试次数：0<br><br><span style=\"color:#00c0ef;\" > >>>>>>>>>>>触发调度<<<<<<<<<<< </span><br>触发调度：<br>address：http://172.27.246.122:8999/<br>code：200<br>msg：null', '2023-08-31 07:06:51', 200, '', 0);
INSERT INTO `xxl_job_log` (`id`, `job_group`, `job_id`, `executor_address`, `executor_handler`, `executor_param`, `executor_sharding_param`, `executor_fail_retry_count`, `trigger_time`, `trigger_code`, `trigger_msg`, `handle_time`, `handle_code`, `handle_msg`, `alarm_status`) VALUES (611, 3, 3, 'http://172.27.246.122:8999/', 'CoursePublishJobHandler', '', '0/1', 0, '2023-08-31 07:07:00', 200, '任务触发类型：Cron触发<br>调度机器：172.17.0.2<br>执行器-注册方式：自动注册<br>执行器-地址列表：[http://172.27.246.122:8999/]<br>路由策略：分片广播(0/1)<br>阻塞处理策略：丢弃后续调度<br>任务超时时间：0<br>失败重试次数：0<br><br><span style=\"color:#00c0ef;\" > >>>>>>>>>>>触发调度<<<<<<<<<<< </span><br>触发调度：<br>address：http://172.27.246.122:8999/<br>code：200<br>msg：null', '2023-08-31 07:07:00', 200, '', 0);
INSERT INTO `xxl_job_log` (`id`, `job_group`, `job_id`, `executor_address`, `executor_handler`, `executor_param`, `executor_sharding_param`, `executor_fail_retry_count`, `trigger_time`, `trigger_code`, `trigger_msg`, `handle_time`, `handle_code`, `handle_msg`, `alarm_status`) VALUES (612, 3, 3, 'http://172.27.246.122:8999/', 'CoursePublishJobHandler', '', '0/1', 0, '2023-08-31 07:07:50', 200, '任务触发类型：Cron触发<br>调度机器：172.17.0.2<br>执行器-注册方式：自动注册<br>执行器-地址列表：[http://172.27.246.122:8999/]<br>路由策略：分片广播(0/1)<br>阻塞处理策略：丢弃后续调度<br>任务超时时间：0<br>失败重试次数：0<br><br><span style=\"color:#00c0ef;\" > >>>>>>>>>>>触发调度<<<<<<<<<<< </span><br>触发调度：<br>address：http://172.27.246.122:8999/<br>code：200<br>msg：null', '2023-08-31 07:07:50', 200, '', 0);
INSERT INTO `xxl_job_log` (`id`, `job_group`, `job_id`, `executor_address`, `executor_handler`, `executor_param`, `executor_sharding_param`, `executor_fail_retry_count`, `trigger_time`, `trigger_code`, `trigger_msg`, `handle_time`, `handle_code`, `handle_msg`, `alarm_status`) VALUES (613, 3, 3, 'http://172.27.246.122:8999/', 'CoursePublishJobHandler', '', '0/1', 0, '2023-08-31 07:08:00', 200, '任务触发类型：Cron触发<br>调度机器：172.17.0.2<br>执行器-注册方式：自动注册<br>执行器-地址列表：[http://172.27.246.122:8999/]<br>路由策略：分片广播(0/1)<br>阻塞处理策略：丢弃后续调度<br>任务超时时间：0<br>失败重试次数：0<br><br><span style=\"color:#00c0ef;\" > >>>>>>>>>>>触发调度<<<<<<<<<<< </span><br>触发调度：<br>address：http://172.27.246.122:8999/<br>code：200<br>msg：null', '2023-08-31 07:08:00', 200, '', 0);
INSERT INTO `xxl_job_log` (`id`, `job_group`, `job_id`, `executor_address`, `executor_handler`, `executor_param`, `executor_sharding_param`, `executor_fail_retry_count`, `trigger_time`, `trigger_code`, `trigger_msg`, `handle_time`, `handle_code`, `handle_msg`, `alarm_status`) VALUES (614, 3, 3, 'http://172.27.246.122:8999/', 'CoursePublishJobHandler', '', '0/1', 0, '2023-08-31 07:08:50', 200, '任务触发类型：Cron触发<br>调度机器：172.17.0.2<br>执行器-注册方式：自动注册<br>执行器-地址列表：[http://172.27.246.122:8999/]<br>路由策略：分片广播(0/1)<br>阻塞处理策略：丢弃后续调度<br>任务超时时间：0<br>失败重试次数：0<br><br><span style=\"color:#00c0ef;\" > >>>>>>>>>>>触发调度<<<<<<<<<<< </span><br>触发调度：<br>address：http://172.27.246.122:8999/<br>code：200<br>msg：null', '2023-08-31 07:08:50', 200, '', 0);
INSERT INTO `xxl_job_log` (`id`, `job_group`, `job_id`, `executor_address`, `executor_handler`, `executor_param`, `executor_sharding_param`, `executor_fail_retry_count`, `trigger_time`, `trigger_code`, `trigger_msg`, `handle_time`, `handle_code`, `handle_msg`, `alarm_status`) VALUES (615, 3, 3, 'http://172.27.246.122:8999/', 'CoursePublishJobHandler', '', '0/1', 0, '2023-08-31 07:09:00', 200, '任务触发类型：Cron触发<br>调度机器：172.17.0.2<br>执行器-注册方式：自动注册<br>执行器-地址列表：[http://172.27.246.122:8999/]<br>路由策略：分片广播(0/1)<br>阻塞处理策略：丢弃后续调度<br>任务超时时间：0<br>失败重试次数：0<br><br><span style=\"color:#00c0ef;\" > >>>>>>>>>>>触发调度<<<<<<<<<<< </span><br>触发调度：<br>address：http://172.27.246.122:8999/<br>code：200<br>msg：null', '2023-08-31 07:09:00', 200, '', 0);
INSERT INTO `xxl_job_log` (`id`, `job_group`, `job_id`, `executor_address`, `executor_handler`, `executor_param`, `executor_sharding_param`, `executor_fail_retry_count`, `trigger_time`, `trigger_code`, `trigger_msg`, `handle_time`, `handle_code`, `handle_msg`, `alarm_status`) VALUES (616, 3, 3, 'http://172.27.246.122:8999/', 'CoursePublishJobHandler', '', '0/1', 0, '2023-08-31 07:09:10', 200, '任务触发类型：Cron触发<br>调度机器：172.17.0.2<br>执行器-注册方式：自动注册<br>执行器-地址列表：[http://172.27.246.122:8999/]<br>路由策略：分片广播(0/1)<br>阻塞处理策略：丢弃后续调度<br>任务超时时间：0<br>失败重试次数：0<br><br><span style=\"color:#00c0ef;\" > >>>>>>>>>>>触发调度<<<<<<<<<<< </span><br>触发调度：<br>address：http://172.27.246.122:8999/<br>code：200<br>msg：null', '2023-08-31 07:09:10', 200, '', 0);
INSERT INTO `xxl_job_log` (`id`, `job_group`, `job_id`, `executor_address`, `executor_handler`, `executor_param`, `executor_sharding_param`, `executor_fail_retry_count`, `trigger_time`, `trigger_code`, `trigger_msg`, `handle_time`, `handle_code`, `handle_msg`, `alarm_status`) VALUES (617, 3, 3, 'http://172.27.246.122:8999/', 'CoursePublishJobHandler', '', '0/1', 0, '2023-08-31 07:09:20', 200, '任务触发类型：Cron触发<br>调度机器：172.17.0.2<br>执行器-注册方式：自动注册<br>执行器-地址列表：[http://172.27.246.122:8999/]<br>路由策略：分片广播(0/1)<br>阻塞处理策略：丢弃后续调度<br>任务超时时间：0<br>失败重试次数：0<br><br><span style=\"color:#00c0ef;\" > >>>>>>>>>>>触发调度<<<<<<<<<<< </span><br>触发调度：<br>address：http://172.27.246.122:8999/<br>code：200<br>msg：null', '2023-08-31 07:09:20', 200, '', 0);
INSERT INTO `xxl_job_log` (`id`, `job_group`, `job_id`, `executor_address`, `executor_handler`, `executor_param`, `executor_sharding_param`, `executor_fail_retry_count`, `trigger_time`, `trigger_code`, `trigger_msg`, `handle_time`, `handle_code`, `handle_msg`, `alarm_status`) VALUES (618, 3, 3, 'http://172.27.246.122:8999/', 'CoursePublishJobHandler', '', '0/1', 0, '2023-08-31 07:09:30', 200, '任务触发类型：Cron触发<br>调度机器：172.17.0.2<br>执行器-注册方式：自动注册<br>执行器-地址列表：[http://172.27.246.122:8999/]<br>路由策略：分片广播(0/1)<br>阻塞处理策略：丢弃后续调度<br>任务超时时间：0<br>失败重试次数：0<br><br><span style=\"color:#00c0ef;\" > >>>>>>>>>>>触发调度<<<<<<<<<<< </span><br>触发调度：<br>address：http://172.27.246.122:8999/<br>code：200<br>msg：null', '2023-08-31 07:09:30', 200, '', 0);
INSERT INTO `xxl_job_log` (`id`, `job_group`, `job_id`, `executor_address`, `executor_handler`, `executor_param`, `executor_sharding_param`, `executor_fail_retry_count`, `trigger_time`, `trigger_code`, `trigger_msg`, `handle_time`, `handle_code`, `handle_msg`, `alarm_status`) VALUES (619, 3, 3, 'http://172.27.246.122:8999/', 'CoursePublishJobHandler', '', '0/1', 0, '2023-08-31 07:09:40', 200, '任务触发类型：Cron触发<br>调度机器：172.17.0.2<br>执行器-注册方式：自动注册<br>执行器-地址列表：[http://172.27.246.122:8999/]<br>路由策略：分片广播(0/1)<br>阻塞处理策略：丢弃后续调度<br>任务超时时间：0<br>失败重试次数：0<br><br><span style=\"color:#00c0ef;\" > >>>>>>>>>>>触发调度<<<<<<<<<<< </span><br>触发调度：<br>address：http://172.27.246.122:8999/<br>code：200<br>msg：null', '2023-08-31 07:09:40', 200, '', 0);
INSERT INTO `xxl_job_log` (`id`, `job_group`, `job_id`, `executor_address`, `executor_handler`, `executor_param`, `executor_sharding_param`, `executor_fail_retry_count`, `trigger_time`, `trigger_code`, `trigger_msg`, `handle_time`, `handle_code`, `handle_msg`, `alarm_status`) VALUES (620, 3, 3, 'http://172.27.246.122:8999/', 'CoursePublishJobHandler', '', '0/1', 0, '2023-08-31 07:09:50', 200, '任务触发类型：Cron触发<br>调度机器：172.17.0.2<br>执行器-注册方式：自动注册<br>执行器-地址列表：[http://172.27.246.122:8999/]<br>路由策略：分片广播(0/1)<br>阻塞处理策略：丢弃后续调度<br>任务超时时间：0<br>失败重试次数：0<br><br><span style=\"color:#00c0ef;\" > >>>>>>>>>>>触发调度<<<<<<<<<<< </span><br>触发调度：<br>address：http://172.27.246.122:8999/<br>code：200<br>msg：null', '2023-08-31 07:09:50', 200, '', 0);
INSERT INTO `xxl_job_log` (`id`, `job_group`, `job_id`, `executor_address`, `executor_handler`, `executor_param`, `executor_sharding_param`, `executor_fail_retry_count`, `trigger_time`, `trigger_code`, `trigger_msg`, `handle_time`, `handle_code`, `handle_msg`, `alarm_status`) VALUES (621, 3, 3, 'http://172.27.246.122:8999/', 'CoursePublishJobHandler', '', '0/1', 0, '2023-08-31 07:10:00', 200, '任务触发类型：Cron触发<br>调度机器：172.17.0.2<br>执行器-注册方式：自动注册<br>执行器-地址列表：[http://172.27.246.122:8999/]<br>路由策略：分片广播(0/1)<br>阻塞处理策略：丢弃后续调度<br>任务超时时间：0<br>失败重试次数：0<br><br><span style=\"color:#00c0ef;\" > >>>>>>>>>>>触发调度<<<<<<<<<<< </span><br>触发调度：<br>address：http://172.27.246.122:8999/<br>code：200<br>msg：null', '2023-08-31 07:10:00', 200, '', 0);
INSERT INTO `xxl_job_log` (`id`, `job_group`, `job_id`, `executor_address`, `executor_handler`, `executor_param`, `executor_sharding_param`, `executor_fail_retry_count`, `trigger_time`, `trigger_code`, `trigger_msg`, `handle_time`, `handle_code`, `handle_msg`, `alarm_status`) VALUES (622, 3, 3, 'http://172.27.246.122:8999/', 'CoursePublishJobHandler', '', '0/1', 0, '2023-08-31 07:10:10', 200, '任务触发类型：Cron触发<br>调度机器：172.17.0.2<br>执行器-注册方式：自动注册<br>执行器-地址列表：[http://172.27.246.122:8999/]<br>路由策略：分片广播(0/1)<br>阻塞处理策略：丢弃后续调度<br>任务超时时间：0<br>失败重试次数：0<br><br><span style=\"color:#00c0ef;\" > >>>>>>>>>>>触发调度<<<<<<<<<<< </span><br>触发调度：<br>address：http://172.27.246.122:8999/<br>code：200<br>msg：null', '2023-08-31 07:10:10', 200, '', 0);
INSERT INTO `xxl_job_log` (`id`, `job_group`, `job_id`, `executor_address`, `executor_handler`, `executor_param`, `executor_sharding_param`, `executor_fail_retry_count`, `trigger_time`, `trigger_code`, `trigger_msg`, `handle_time`, `handle_code`, `handle_msg`, `alarm_status`) VALUES (623, 3, 3, 'http://172.27.246.122:8999/', 'CoursePublishJobHandler', '', '0/1', 0, '2023-08-31 07:10:20', 200, '任务触发类型：Cron触发<br>调度机器：172.17.0.2<br>执行器-注册方式：自动注册<br>执行器-地址列表：[http://172.27.246.122:8999/]<br>路由策略：分片广播(0/1)<br>阻塞处理策略：丢弃后续调度<br>任务超时时间：0<br>失败重试次数：0<br><br><span style=\"color:#00c0ef;\" > >>>>>>>>>>>触发调度<<<<<<<<<<< </span><br>触发调度：<br>address：http://172.27.246.122:8999/<br>code：200<br>msg：null', '2023-08-31 07:10:20', 200, '', 0);
INSERT INTO `xxl_job_log` (`id`, `job_group`, `job_id`, `executor_address`, `executor_handler`, `executor_param`, `executor_sharding_param`, `executor_fail_retry_count`, `trigger_time`, `trigger_code`, `trigger_msg`, `handle_time`, `handle_code`, `handle_msg`, `alarm_status`) VALUES (624, 3, 3, 'http://172.27.246.122:8999/', 'CoursePublishJobHandler', '', '0/1', 0, '2023-08-31 07:10:30', 200, '任务触发类型：Cron触发<br>调度机器：172.17.0.2<br>执行器-注册方式：自动注册<br>执行器-地址列表：[http://172.27.246.122:8999/]<br>路由策略：分片广播(0/1)<br>阻塞处理策略：丢弃后续调度<br>任务超时时间：0<br>失败重试次数：0<br><br><span style=\"color:#00c0ef;\" > >>>>>>>>>>>触发调度<<<<<<<<<<< </span><br>触发调度：<br>address：http://172.27.246.122:8999/<br>code：200<br>msg：null', '2023-08-31 07:10:30', 200, '', 0);
INSERT INTO `xxl_job_log` (`id`, `job_group`, `job_id`, `executor_address`, `executor_handler`, `executor_param`, `executor_sharding_param`, `executor_fail_retry_count`, `trigger_time`, `trigger_code`, `trigger_msg`, `handle_time`, `handle_code`, `handle_msg`, `alarm_status`) VALUES (625, 3, 3, 'http://172.27.246.122:8999/', 'CoursePublishJobHandler', '', '0/1', 0, '2023-08-31 07:10:40', 200, '任务触发类型：Cron触发<br>调度机器：172.17.0.2<br>执行器-注册方式：自动注册<br>执行器-地址列表：[http://172.27.246.122:8999/]<br>路由策略：分片广播(0/1)<br>阻塞处理策略：丢弃后续调度<br>任务超时时间：0<br>失败重试次数：0<br><br><span style=\"color:#00c0ef;\" > >>>>>>>>>>>触发调度<<<<<<<<<<< </span><br>触发调度：<br>address：http://172.27.246.122:8999/<br>code：200<br>msg：null', '2023-08-31 07:10:40', 200, '', 0);
INSERT INTO `xxl_job_log` (`id`, `job_group`, `job_id`, `executor_address`, `executor_handler`, `executor_param`, `executor_sharding_param`, `executor_fail_retry_count`, `trigger_time`, `trigger_code`, `trigger_msg`, `handle_time`, `handle_code`, `handle_msg`, `alarm_status`) VALUES (626, 3, 3, 'http://172.27.246.122:8999/', 'CoursePublishJobHandler', '', '0/1', 0, '2023-08-31 07:10:50', 200, '任务触发类型：Cron触发<br>调度机器：172.17.0.2<br>执行器-注册方式：自动注册<br>执行器-地址列表：[http://172.27.246.122:8999/]<br>路由策略：分片广播(0/1)<br>阻塞处理策略：丢弃后续调度<br>任务超时时间：0<br>失败重试次数：0<br><br><span style=\"color:#00c0ef;\" > >>>>>>>>>>>触发调度<<<<<<<<<<< </span><br>触发调度：<br>address：http://172.27.246.122:8999/<br>code：200<br>msg：null', '2023-08-31 07:10:50', 200, '', 0);
INSERT INTO `xxl_job_log` (`id`, `job_group`, `job_id`, `executor_address`, `executor_handler`, `executor_param`, `executor_sharding_param`, `executor_fail_retry_count`, `trigger_time`, `trigger_code`, `trigger_msg`, `handle_time`, `handle_code`, `handle_msg`, `alarm_status`) VALUES (627, 3, 3, 'http://172.27.246.122:8999/', 'CoursePublishJobHandler', '', '0/1', 0, '2023-08-31 07:11:00', 200, '任务触发类型：Cron触发<br>调度机器：172.17.0.2<br>执行器-注册方式：自动注册<br>执行器-地址列表：[http://172.27.246.122:8999/]<br>路由策略：分片广播(0/1)<br>阻塞处理策略：丢弃后续调度<br>任务超时时间：0<br>失败重试次数：0<br><br><span style=\"color:#00c0ef;\" > >>>>>>>>>>>触发调度<<<<<<<<<<< </span><br>触发调度：<br>address：http://172.27.246.122:8999/<br>code：200<br>msg：null', '2023-08-31 07:11:00', 200, '', 0);
INSERT INTO `xxl_job_log` (`id`, `job_group`, `job_id`, `executor_address`, `executor_handler`, `executor_param`, `executor_sharding_param`, `executor_fail_retry_count`, `trigger_time`, `trigger_code`, `trigger_msg`, `handle_time`, `handle_code`, `handle_msg`, `alarm_status`) VALUES (628, 3, 3, 'http://172.27.246.122:8999/', 'CoursePublishJobHandler', '', '0/1', 0, '2023-08-31 07:11:10', 200, '任务触发类型：Cron触发<br>调度机器：172.17.0.2<br>执行器-注册方式：自动注册<br>执行器-地址列表：[http://172.27.246.122:8999/]<br>路由策略：分片广播(0/1)<br>阻塞处理策略：丢弃后续调度<br>任务超时时间：0<br>失败重试次数：0<br><br><span style=\"color:#00c0ef;\" > >>>>>>>>>>>触发调度<<<<<<<<<<< </span><br>触发调度：<br>address：http://172.27.246.122:8999/<br>code：200<br>msg：null', '2023-08-31 07:11:10', 200, '', 0);
INSERT INTO `xxl_job_log` (`id`, `job_group`, `job_id`, `executor_address`, `executor_handler`, `executor_param`, `executor_sharding_param`, `executor_fail_retry_count`, `trigger_time`, `trigger_code`, `trigger_msg`, `handle_time`, `handle_code`, `handle_msg`, `alarm_status`) VALUES (629, 3, 3, 'http://172.27.246.122:8999/', 'CoursePublishJobHandler', '', '0/1', 0, '2023-08-31 07:11:20', 200, '任务触发类型：Cron触发<br>调度机器：172.17.0.2<br>执行器-注册方式：自动注册<br>执行器-地址列表：[http://172.27.246.122:8999/]<br>路由策略：分片广播(0/1)<br>阻塞处理策略：丢弃后续调度<br>任务超时时间：0<br>失败重试次数：0<br><br><span style=\"color:#00c0ef;\" > >>>>>>>>>>>触发调度<<<<<<<<<<< </span><br>触发调度：<br>address：http://172.27.246.122:8999/<br>code：200<br>msg：null', '2023-08-31 07:11:20', 200, '', 0);
INSERT INTO `xxl_job_log` (`id`, `job_group`, `job_id`, `executor_address`, `executor_handler`, `executor_param`, `executor_sharding_param`, `executor_fail_retry_count`, `trigger_time`, `trigger_code`, `trigger_msg`, `handle_time`, `handle_code`, `handle_msg`, `alarm_status`) VALUES (630, 3, 3, 'http://172.27.246.122:8999/', 'CoursePublishJobHandler', '', '0/1', 0, '2023-08-31 07:11:30', 200, '任务触发类型：Cron触发<br>调度机器：172.17.0.2<br>执行器-注册方式：自动注册<br>执行器-地址列表：[http://172.27.246.122:8999/]<br>路由策略：分片广播(0/1)<br>阻塞处理策略：丢弃后续调度<br>任务超时时间：0<br>失败重试次数：0<br><br><span style=\"color:#00c0ef;\" > >>>>>>>>>>>触发调度<<<<<<<<<<< </span><br>触发调度：<br>address：http://172.27.246.122:8999/<br>code：200<br>msg：null', '2023-08-31 07:11:30', 200, '', 0);
INSERT INTO `xxl_job_log` (`id`, `job_group`, `job_id`, `executor_address`, `executor_handler`, `executor_param`, `executor_sharding_param`, `executor_fail_retry_count`, `trigger_time`, `trigger_code`, `trigger_msg`, `handle_time`, `handle_code`, `handle_msg`, `alarm_status`) VALUES (631, 3, 3, 'http://172.27.246.122:8999/', 'CoursePublishJobHandler', '', '0/1', 0, '2023-08-31 07:11:40', 200, '任务触发类型：Cron触发<br>调度机器：172.17.0.2<br>执行器-注册方式：自动注册<br>执行器-地址列表：[http://172.27.246.122:8999/]<br>路由策略：分片广播(0/1)<br>阻塞处理策略：丢弃后续调度<br>任务超时时间：0<br>失败重试次数：0<br><br><span style=\"color:#00c0ef;\" > >>>>>>>>>>>触发调度<<<<<<<<<<< </span><br>触发调度：<br>address：http://172.27.246.122:8999/<br>code：200<br>msg：null', '2023-08-31 07:11:40', 200, '', 0);
INSERT INTO `xxl_job_log` (`id`, `job_group`, `job_id`, `executor_address`, `executor_handler`, `executor_param`, `executor_sharding_param`, `executor_fail_retry_count`, `trigger_time`, `trigger_code`, `trigger_msg`, `handle_time`, `handle_code`, `handle_msg`, `alarm_status`) VALUES (632, 3, 3, 'http://172.27.246.122:8999/', 'CoursePublishJobHandler', '', '0/1', 0, '2023-08-31 07:11:50', 200, '任务触发类型：Cron触发<br>调度机器：172.17.0.2<br>执行器-注册方式：自动注册<br>执行器-地址列表：[http://172.27.246.122:8999/]<br>路由策略：分片广播(0/1)<br>阻塞处理策略：丢弃后续调度<br>任务超时时间：0<br>失败重试次数：0<br><br><span style=\"color:#00c0ef;\" > >>>>>>>>>>>触发调度<<<<<<<<<<< </span><br>触发调度：<br>address：http://172.27.246.122:8999/<br>code：200<br>msg：null', '2023-08-31 07:11:50', 200, '', 0);
INSERT INTO `xxl_job_log` (`id`, `job_group`, `job_id`, `executor_address`, `executor_handler`, `executor_param`, `executor_sharding_param`, `executor_fail_retry_count`, `trigger_time`, `trigger_code`, `trigger_msg`, `handle_time`, `handle_code`, `handle_msg`, `alarm_status`) VALUES (633, 3, 3, 'http://172.27.246.122:8999/', 'CoursePublishJobHandler', '', '0/1', 0, '2023-08-31 07:12:00', 200, '任务触发类型：Cron触发<br>调度机器：172.17.0.2<br>执行器-注册方式：自动注册<br>执行器-地址列表：[http://172.27.246.122:8999/]<br>路由策略：分片广播(0/1)<br>阻塞处理策略：丢弃后续调度<br>任务超时时间：0<br>失败重试次数：0<br><br><span style=\"color:#00c0ef;\" > >>>>>>>>>>>触发调度<<<<<<<<<<< </span><br>触发调度：<br>address：http://172.27.246.122:8999/<br>code：200<br>msg：null', '2023-08-31 07:12:00', 200, '', 0);
INSERT INTO `xxl_job_log` (`id`, `job_group`, `job_id`, `executor_address`, `executor_handler`, `executor_param`, `executor_sharding_param`, `executor_fail_retry_count`, `trigger_time`, `trigger_code`, `trigger_msg`, `handle_time`, `handle_code`, `handle_msg`, `alarm_status`) VALUES (634, 3, 3, 'http://172.27.246.122:8999/', 'CoursePublishJobHandler', '', '0/1', 0, '2023-08-31 07:12:10', 200, '任务触发类型：Cron触发<br>调度机器：172.17.0.2<br>执行器-注册方式：自动注册<br>执行器-地址列表：[http://172.27.246.122:8999/]<br>路由策略：分片广播(0/1)<br>阻塞处理策略：丢弃后续调度<br>任务超时时间：0<br>失败重试次数：0<br><br><span style=\"color:#00c0ef;\" > >>>>>>>>>>>触发调度<<<<<<<<<<< </span><br>触发调度：<br>address：http://172.27.246.122:8999/<br>code：200<br>msg：null', '2023-08-31 07:12:10', 200, '', 0);
INSERT INTO `xxl_job_log` (`id`, `job_group`, `job_id`, `executor_address`, `executor_handler`, `executor_param`, `executor_sharding_param`, `executor_fail_retry_count`, `trigger_time`, `trigger_code`, `trigger_msg`, `handle_time`, `handle_code`, `handle_msg`, `alarm_status`) VALUES (635, 3, 3, 'http://172.27.246.122:8999/', 'CoursePublishJobHandler', '', '0/1', 0, '2023-08-31 07:12:20', 200, '任务触发类型：Cron触发<br>调度机器：172.17.0.2<br>执行器-注册方式：自动注册<br>执行器-地址列表：[http://172.27.246.122:8999/]<br>路由策略：分片广播(0/1)<br>阻塞处理策略：丢弃后续调度<br>任务超时时间：0<br>失败重试次数：0<br><br><span style=\"color:#00c0ef;\" > >>>>>>>>>>>触发调度<<<<<<<<<<< </span><br>触发调度：<br>address：http://172.27.246.122:8999/<br>code：200<br>msg：null', '2023-08-31 07:12:20', 200, '', 0);
INSERT INTO `xxl_job_log` (`id`, `job_group`, `job_id`, `executor_address`, `executor_handler`, `executor_param`, `executor_sharding_param`, `executor_fail_retry_count`, `trigger_time`, `trigger_code`, `trigger_msg`, `handle_time`, `handle_code`, `handle_msg`, `alarm_status`) VALUES (636, 3, 3, 'http://172.27.246.122:8999/', 'CoursePublishJobHandler', '', '0/1', 0, '2023-08-31 07:12:30', 200, '任务触发类型：Cron触发<br>调度机器：172.17.0.2<br>执行器-注册方式：自动注册<br>执行器-地址列表：[http://172.27.246.122:8999/]<br>路由策略：分片广播(0/1)<br>阻塞处理策略：丢弃后续调度<br>任务超时时间：0<br>失败重试次数：0<br><br><span style=\"color:#00c0ef;\" > >>>>>>>>>>>触发调度<<<<<<<<<<< </span><br>触发调度：<br>address：http://172.27.246.122:8999/<br>code：200<br>msg：null', '2023-08-31 07:12:30', 200, '', 0);
INSERT INTO `xxl_job_log` (`id`, `job_group`, `job_id`, `executor_address`, `executor_handler`, `executor_param`, `executor_sharding_param`, `executor_fail_retry_count`, `trigger_time`, `trigger_code`, `trigger_msg`, `handle_time`, `handle_code`, `handle_msg`, `alarm_status`) VALUES (637, 3, 3, 'http://172.27.246.122:8999/', 'CoursePublishJobHandler', '', '0/1', 0, '2023-08-31 07:28:40', 200, '任务触发类型：Cron触发<br>调度机器：172.17.0.2<br>执行器-注册方式：自动注册<br>执行器-地址列表：[http://172.27.246.122:8999/]<br>路由策略：分片广播(0/1)<br>阻塞处理策略：丢弃后续调度<br>任务超时时间：0<br>失败重试次数：0<br><br><span style=\"color:#00c0ef;\" > >>>>>>>>>>>触发调度<<<<<<<<<<< </span><br>触发调度：<br>address：http://172.27.246.122:8999/<br>code：200<br>msg：null', '2023-08-31 07:28:41', 200, '', 0);
INSERT INTO `xxl_job_log` (`id`, `job_group`, `job_id`, `executor_address`, `executor_handler`, `executor_param`, `executor_sharding_param`, `executor_fail_retry_count`, `trigger_time`, `trigger_code`, `trigger_msg`, `handle_time`, `handle_code`, `handle_msg`, `alarm_status`) VALUES (638, 3, 3, 'http://172.27.246.122:8999/', 'CoursePublishJobHandler', '', '0/1', 0, '2023-08-31 07:28:50', 200, '任务触发类型：Cron触发<br>调度机器：172.17.0.2<br>执行器-注册方式：自动注册<br>执行器-地址列表：[http://172.27.246.122:8999/]<br>路由策略：分片广播(0/1)<br>阻塞处理策略：丢弃后续调度<br>任务超时时间：0<br>失败重试次数：0<br><br><span style=\"color:#00c0ef;\" > >>>>>>>>>>>触发调度<<<<<<<<<<< </span><br>触发调度：<br>address：http://172.27.246.122:8999/<br>code：200<br>msg：null', '2023-08-31 07:28:50', 200, '', 0);
INSERT INTO `xxl_job_log` (`id`, `job_group`, `job_id`, `executor_address`, `executor_handler`, `executor_param`, `executor_sharding_param`, `executor_fail_retry_count`, `trigger_time`, `trigger_code`, `trigger_msg`, `handle_time`, `handle_code`, `handle_msg`, `alarm_status`) VALUES (639, 3, 3, 'http://172.27.246.122:8999/', 'CoursePublishJobHandler', '', '0/1', 0, '2023-08-31 07:29:00', 200, '任务触发类型：Cron触发<br>调度机器：172.17.0.2<br>执行器-注册方式：自动注册<br>执行器-地址列表：[http://172.27.246.122:8999/]<br>路由策略：分片广播(0/1)<br>阻塞处理策略：丢弃后续调度<br>任务超时时间：0<br>失败重试次数：0<br><br><span style=\"color:#00c0ef;\" > >>>>>>>>>>>触发调度<<<<<<<<<<< </span><br>触发调度：<br>address：http://172.27.246.122:8999/<br>code：200<br>msg：null', '2023-08-31 07:29:00', 200, '', 0);
INSERT INTO `xxl_job_log` (`id`, `job_group`, `job_id`, `executor_address`, `executor_handler`, `executor_param`, `executor_sharding_param`, `executor_fail_retry_count`, `trigger_time`, `trigger_code`, `trigger_msg`, `handle_time`, `handle_code`, `handle_msg`, `alarm_status`) VALUES (640, 3, 3, 'http://172.27.246.122:8999/', 'CoursePublishJobHandler', '', '0/1', 0, '2023-08-31 07:29:10', 200, '任务触发类型：Cron触发<br>调度机器：172.17.0.2<br>执行器-注册方式：自动注册<br>执行器-地址列表：[http://172.27.246.122:8999/]<br>路由策略：分片广播(0/1)<br>阻塞处理策略：丢弃后续调度<br>任务超时时间：0<br>失败重试次数：0<br><br><span style=\"color:#00c0ef;\" > >>>>>>>>>>>触发调度<<<<<<<<<<< </span><br>触发调度：<br>address：http://172.27.246.122:8999/<br>code：200<br>msg：null', '2023-08-31 07:29:10', 200, '', 0);
INSERT INTO `xxl_job_log` (`id`, `job_group`, `job_id`, `executor_address`, `executor_handler`, `executor_param`, `executor_sharding_param`, `executor_fail_retry_count`, `trigger_time`, `trigger_code`, `trigger_msg`, `handle_time`, `handle_code`, `handle_msg`, `alarm_status`) VALUES (641, 3, 3, 'http://172.27.246.122:8999/', 'CoursePublishJobHandler', '', '0/1', 0, '2023-08-31 07:29:20', 200, '任务触发类型：Cron触发<br>调度机器：172.17.0.2<br>执行器-注册方式：自动注册<br>执行器-地址列表：[http://172.27.246.122:8999/]<br>路由策略：分片广播(0/1)<br>阻塞处理策略：丢弃后续调度<br>任务超时时间：0<br>失败重试次数：0<br><br><span style=\"color:#00c0ef;\" > >>>>>>>>>>>触发调度<<<<<<<<<<< </span><br>触发调度：<br>address：http://172.27.246.122:8999/<br>code：200<br>msg：null', '2023-08-31 07:29:20', 200, '', 0);
INSERT INTO `xxl_job_log` (`id`, `job_group`, `job_id`, `executor_address`, `executor_handler`, `executor_param`, `executor_sharding_param`, `executor_fail_retry_count`, `trigger_time`, `trigger_code`, `trigger_msg`, `handle_time`, `handle_code`, `handle_msg`, `alarm_status`) VALUES (642, 3, 3, 'http://172.27.246.122:8999/', 'CoursePublishJobHandler', '', '0/1', 0, '2023-08-31 07:29:30', 200, '任务触发类型：Cron触发<br>调度机器：172.17.0.2<br>执行器-注册方式：自动注册<br>执行器-地址列表：[http://172.27.246.122:8999/]<br>路由策略：分片广播(0/1)<br>阻塞处理策略：丢弃后续调度<br>任务超时时间：0<br>失败重试次数：0<br><br><span style=\"color:#00c0ef;\" > >>>>>>>>>>>触发调度<<<<<<<<<<< </span><br>触发调度：<br>address：http://172.27.246.122:8999/<br>code：200<br>msg：null', '2023-08-31 07:29:30', 200, '', 0);
INSERT INTO `xxl_job_log` (`id`, `job_group`, `job_id`, `executor_address`, `executor_handler`, `executor_param`, `executor_sharding_param`, `executor_fail_retry_count`, `trigger_time`, `trigger_code`, `trigger_msg`, `handle_time`, `handle_code`, `handle_msg`, `alarm_status`) VALUES (643, 3, 3, 'http://172.27.246.122:8999/', 'CoursePublishJobHandler', '', '0/1', 0, '2023-08-31 07:29:40', 200, '任务触发类型：Cron触发<br>调度机器：172.17.0.2<br>执行器-注册方式：自动注册<br>执行器-地址列表：[http://172.27.246.122:8999/]<br>路由策略：分片广播(0/1)<br>阻塞处理策略：丢弃后续调度<br>任务超时时间：0<br>失败重试次数：0<br><br><span style=\"color:#00c0ef;\" > >>>>>>>>>>>触发调度<<<<<<<<<<< </span><br>触发调度：<br>address：http://172.27.246.122:8999/<br>code：200<br>msg：null', '2023-08-31 07:29:40', 200, '', 0);
INSERT INTO `xxl_job_log` (`id`, `job_group`, `job_id`, `executor_address`, `executor_handler`, `executor_param`, `executor_sharding_param`, `executor_fail_retry_count`, `trigger_time`, `trigger_code`, `trigger_msg`, `handle_time`, `handle_code`, `handle_msg`, `alarm_status`) VALUES (644, 3, 3, 'http://172.27.246.122:8999/', 'CoursePublishJobHandler', '', '0/1', 0, '2023-08-31 07:29:50', 200, '任务触发类型：Cron触发<br>调度机器：172.17.0.2<br>执行器-注册方式：自动注册<br>执行器-地址列表：[http://172.27.246.122:8999/]<br>路由策略：分片广播(0/1)<br>阻塞处理策略：丢弃后续调度<br>任务超时时间：0<br>失败重试次数：0<br><br><span style=\"color:#00c0ef;\" > >>>>>>>>>>>触发调度<<<<<<<<<<< </span><br>触发调度：<br>address：http://172.27.246.122:8999/<br>code：200<br>msg：null', '2023-08-31 07:29:50', 200, '', 0);
INSERT INTO `xxl_job_log` (`id`, `job_group`, `job_id`, `executor_address`, `executor_handler`, `executor_param`, `executor_sharding_param`, `executor_fail_retry_count`, `trigger_time`, `trigger_code`, `trigger_msg`, `handle_time`, `handle_code`, `handle_msg`, `alarm_status`) VALUES (645, 3, 3, 'http://172.27.246.122:8999/', 'CoursePublishJobHandler', '', '0/1', 0, '2023-08-31 07:30:00', 200, '任务触发类型：Cron触发<br>调度机器：172.17.0.2<br>执行器-注册方式：自动注册<br>执行器-地址列表：[http://172.27.246.122:8999/]<br>路由策略：分片广播(0/1)<br>阻塞处理策略：丢弃后续调度<br>任务超时时间：0<br>失败重试次数：0<br><br><span style=\"color:#00c0ef;\" > >>>>>>>>>>>触发调度<<<<<<<<<<< </span><br>触发调度：<br>address：http://172.27.246.122:8999/<br>code：200<br>msg：null', '2023-08-31 07:30:00', 200, '', 0);
INSERT INTO `xxl_job_log` (`id`, `job_group`, `job_id`, `executor_address`, `executor_handler`, `executor_param`, `executor_sharding_param`, `executor_fail_retry_count`, `trigger_time`, `trigger_code`, `trigger_msg`, `handle_time`, `handle_code`, `handle_msg`, `alarm_status`) VALUES (646, 3, 3, 'http://172.27.246.122:8999/', 'CoursePublishJobHandler', '', '0/1', 0, '2023-08-31 07:30:10', 200, '任务触发类型：Cron触发<br>调度机器：172.17.0.2<br>执行器-注册方式：自动注册<br>执行器-地址列表：[http://172.27.246.122:8999/]<br>路由策略：分片广播(0/1)<br>阻塞处理策略：丢弃后续调度<br>任务超时时间：0<br>失败重试次数：0<br><br><span style=\"color:#00c0ef;\" > >>>>>>>>>>>触发调度<<<<<<<<<<< </span><br>触发调度：<br>address：http://172.27.246.122:8999/<br>code：200<br>msg：null', '2023-08-31 07:30:10', 200, '', 0);
INSERT INTO `xxl_job_log` (`id`, `job_group`, `job_id`, `executor_address`, `executor_handler`, `executor_param`, `executor_sharding_param`, `executor_fail_retry_count`, `trigger_time`, `trigger_code`, `trigger_msg`, `handle_time`, `handle_code`, `handle_msg`, `alarm_status`) VALUES (647, 3, 3, 'http://172.27.246.122:8999/', 'CoursePublishJobHandler', '', '0/1', 0, '2023-08-31 07:30:20', 200, '任务触发类型：Cron触发<br>调度机器：172.17.0.2<br>执行器-注册方式：自动注册<br>执行器-地址列表：[http://172.27.246.122:8999/]<br>路由策略：分片广播(0/1)<br>阻塞处理策略：丢弃后续调度<br>任务超时时间：0<br>失败重试次数：0<br><br><span style=\"color:#00c0ef;\" > >>>>>>>>>>>触发调度<<<<<<<<<<< </span><br>触发调度：<br>address：http://172.27.246.122:8999/<br>code：200<br>msg：null', '2023-08-31 07:30:20', 200, '', 0);
INSERT INTO `xxl_job_log` (`id`, `job_group`, `job_id`, `executor_address`, `executor_handler`, `executor_param`, `executor_sharding_param`, `executor_fail_retry_count`, `trigger_time`, `trigger_code`, `trigger_msg`, `handle_time`, `handle_code`, `handle_msg`, `alarm_status`) VALUES (648, 3, 3, 'http://172.27.246.122:8999/', 'CoursePublishJobHandler', '', '0/1', 0, '2023-08-31 07:30:30', 200, '任务触发类型：Cron触发<br>调度机器：172.17.0.2<br>执行器-注册方式：自动注册<br>执行器-地址列表：[http://172.27.246.122:8999/]<br>路由策略：分片广播(0/1)<br>阻塞处理策略：丢弃后续调度<br>任务超时时间：0<br>失败重试次数：0<br><br><span style=\"color:#00c0ef;\" > >>>>>>>>>>>触发调度<<<<<<<<<<< </span><br>触发调度：<br>address：http://172.27.246.122:8999/<br>code：200<br>msg：null', '2023-08-31 07:30:30', 200, '', 0);
INSERT INTO `xxl_job_log` (`id`, `job_group`, `job_id`, `executor_address`, `executor_handler`, `executor_param`, `executor_sharding_param`, `executor_fail_retry_count`, `trigger_time`, `trigger_code`, `trigger_msg`, `handle_time`, `handle_code`, `handle_msg`, `alarm_status`) VALUES (649, 3, 3, 'http://172.27.246.122:8999/', 'CoursePublishJobHandler', '', '0/1', 0, '2023-08-31 07:30:40', 200, '任务触发类型：Cron触发<br>调度机器：172.17.0.2<br>执行器-注册方式：自动注册<br>执行器-地址列表：[http://172.27.246.122:8999/]<br>路由策略：分片广播(0/1)<br>阻塞处理策略：丢弃后续调度<br>任务超时时间：0<br>失败重试次数：0<br><br><span style=\"color:#00c0ef;\" > >>>>>>>>>>>触发调度<<<<<<<<<<< </span><br>触发调度：<br>address：http://172.27.246.122:8999/<br>code：200<br>msg：null', '2023-08-31 07:30:40', 200, '', 0);
INSERT INTO `xxl_job_log` (`id`, `job_group`, `job_id`, `executor_address`, `executor_handler`, `executor_param`, `executor_sharding_param`, `executor_fail_retry_count`, `trigger_time`, `trigger_code`, `trigger_msg`, `handle_time`, `handle_code`, `handle_msg`, `alarm_status`) VALUES (650, 3, 3, 'http://172.27.246.122:8999/', 'CoursePublishJobHandler', '', '0/1', 0, '2023-08-31 07:30:50', 200, '任务触发类型：Cron触发<br>调度机器：172.17.0.2<br>执行器-注册方式：自动注册<br>执行器-地址列表：[http://172.27.246.122:8999/]<br>路由策略：分片广播(0/1)<br>阻塞处理策略：丢弃后续调度<br>任务超时时间：0<br>失败重试次数：0<br><br><span style=\"color:#00c0ef;\" > >>>>>>>>>>>触发调度<<<<<<<<<<< </span><br>触发调度：<br>address：http://172.27.246.122:8999/<br>code：200<br>msg：null', '2023-08-31 07:30:50', 200, '', 0);
INSERT INTO `xxl_job_log` (`id`, `job_group`, `job_id`, `executor_address`, `executor_handler`, `executor_param`, `executor_sharding_param`, `executor_fail_retry_count`, `trigger_time`, `trigger_code`, `trigger_msg`, `handle_time`, `handle_code`, `handle_msg`, `alarm_status`) VALUES (651, 3, 3, 'http://172.27.53.95:8999/', 'CoursePublishJobHandler', '', '0/1', 0, '2023-09-03 12:06:30', 200, '任务触发类型：Cron触发<br>调度机器：172.17.0.2<br>执行器-注册方式：自动注册<br>执行器-地址列表：[http://172.27.53.95:8999/]<br>路由策略：分片广播(0/1)<br>阻塞处理策略：丢弃后续调度<br>任务超时时间：0<br>失败重试次数：0<br><br><span style=\"color:#00c0ef;\" > >>>>>>>>>>>触发调度<<<<<<<<<<< </span><br>触发调度：<br>address：http://172.27.53.95:8999/<br>code：200<br>msg：null', '2023-09-03 12:06:31', 200, '', 0);
INSERT INTO `xxl_job_log` (`id`, `job_group`, `job_id`, `executor_address`, `executor_handler`, `executor_param`, `executor_sharding_param`, `executor_fail_retry_count`, `trigger_time`, `trigger_code`, `trigger_msg`, `handle_time`, `handle_code`, `handle_msg`, `alarm_status`) VALUES (652, 3, 3, 'http://172.27.53.95:8999/', 'CoursePublishJobHandler', '', '0/1', 0, '2023-09-03 12:06:40', 200, '任务触发类型：Cron触发<br>调度机器：172.17.0.2<br>执行器-注册方式：自动注册<br>执行器-地址列表：[http://172.27.53.95:8999/]<br>路由策略：分片广播(0/1)<br>阻塞处理策略：丢弃后续调度<br>任务超时时间：0<br>失败重试次数：0<br><br><span style=\"color:#00c0ef;\" > >>>>>>>>>>>触发调度<<<<<<<<<<< </span><br>触发调度：<br>address：http://172.27.53.95:8999/<br>code：200<br>msg：null', '2023-09-03 12:06:40', 200, '', 0);
INSERT INTO `xxl_job_log` (`id`, `job_group`, `job_id`, `executor_address`, `executor_handler`, `executor_param`, `executor_sharding_param`, `executor_fail_retry_count`, `trigger_time`, `trigger_code`, `trigger_msg`, `handle_time`, `handle_code`, `handle_msg`, `alarm_status`) VALUES (653, 3, 3, 'http://172.27.53.95:8999/', 'CoursePublishJobHandler', '', '0/1', 0, '2023-09-03 12:06:50', 200, '任务触发类型：Cron触发<br>调度机器：172.17.0.2<br>执行器-注册方式：自动注册<br>执行器-地址列表：[http://172.27.53.95:8999/]<br>路由策略：分片广播(0/1)<br>阻塞处理策略：丢弃后续调度<br>任务超时时间：0<br>失败重试次数：0<br><br><span style=\"color:#00c0ef;\" > >>>>>>>>>>>触发调度<<<<<<<<<<< </span><br>触发调度：<br>address：http://172.27.53.95:8999/<br>code：200<br>msg：null', '2023-09-03 12:06:50', 200, '', 0);
INSERT INTO `xxl_job_log` (`id`, `job_group`, `job_id`, `executor_address`, `executor_handler`, `executor_param`, `executor_sharding_param`, `executor_fail_retry_count`, `trigger_time`, `trigger_code`, `trigger_msg`, `handle_time`, `handle_code`, `handle_msg`, `alarm_status`) VALUES (654, 3, 3, 'http://172.27.53.95:8999/', 'CoursePublishJobHandler', '', '0/1', 0, '2023-09-03 12:07:00', 200, '任务触发类型：Cron触发<br>调度机器：172.17.0.2<br>执行器-注册方式：自动注册<br>执行器-地址列表：[http://172.27.53.95:8999/]<br>路由策略：分片广播(0/1)<br>阻塞处理策略：丢弃后续调度<br>任务超时时间：0<br>失败重试次数：0<br><br><span style=\"color:#00c0ef;\" > >>>>>>>>>>>触发调度<<<<<<<<<<< </span><br>触发调度：<br>address：http://172.27.53.95:8999/<br>code：200<br>msg：null', '2023-09-03 12:07:00', 200, '', 0);
INSERT INTO `xxl_job_log` (`id`, `job_group`, `job_id`, `executor_address`, `executor_handler`, `executor_param`, `executor_sharding_param`, `executor_fail_retry_count`, `trigger_time`, `trigger_code`, `trigger_msg`, `handle_time`, `handle_code`, `handle_msg`, `alarm_status`) VALUES (655, 3, 3, 'http://172.27.53.95:8999/', 'CoursePublishJobHandler', '', '0/1', 0, '2023-09-03 12:07:10', 200, '任务触发类型：Cron触发<br>调度机器：172.17.0.2<br>执行器-注册方式：自动注册<br>执行器-地址列表：[http://172.27.53.95:8999/]<br>路由策略：分片广播(0/1)<br>阻塞处理策略：丢弃后续调度<br>任务超时时间：0<br>失败重试次数：0<br><br><span style=\"color:#00c0ef;\" > >>>>>>>>>>>触发调度<<<<<<<<<<< </span><br>触发调度：<br>address：http://172.27.53.95:8999/<br>code：200<br>msg：null', '2023-09-03 12:07:10', 200, '', 0);
INSERT INTO `xxl_job_log` (`id`, `job_group`, `job_id`, `executor_address`, `executor_handler`, `executor_param`, `executor_sharding_param`, `executor_fail_retry_count`, `trigger_time`, `trigger_code`, `trigger_msg`, `handle_time`, `handle_code`, `handle_msg`, `alarm_status`) VALUES (656, 3, 3, 'http://172.27.53.95:8999/', 'CoursePublishJobHandler', '', '0/1', 0, '2023-09-03 12:07:20', 200, '任务触发类型：Cron触发<br>调度机器：172.17.0.2<br>执行器-注册方式：自动注册<br>执行器-地址列表：[http://172.27.53.95:8999/]<br>路由策略：分片广播(0/1)<br>阻塞处理策略：丢弃后续调度<br>任务超时时间：0<br>失败重试次数：0<br><br><span style=\"color:#00c0ef;\" > >>>>>>>>>>>触发调度<<<<<<<<<<< </span><br>触发调度：<br>address：http://172.27.53.95:8999/<br>code：200<br>msg：null', '2023-09-03 12:07:20', 200, '', 0);
INSERT INTO `xxl_job_log` (`id`, `job_group`, `job_id`, `executor_address`, `executor_handler`, `executor_param`, `executor_sharding_param`, `executor_fail_retry_count`, `trigger_time`, `trigger_code`, `trigger_msg`, `handle_time`, `handle_code`, `handle_msg`, `alarm_status`) VALUES (657, 3, 3, 'http://172.27.53.95:8999/', 'CoursePublishJobHandler', '', '0/1', 0, '2023-09-03 12:07:30', 200, '任务触发类型：Cron触发<br>调度机器：172.17.0.2<br>执行器-注册方式：自动注册<br>执行器-地址列表：[http://172.27.53.95:8999/]<br>路由策略：分片广播(0/1)<br>阻塞处理策略：丢弃后续调度<br>任务超时时间：0<br>失败重试次数：0<br><br><span style=\"color:#00c0ef;\" > >>>>>>>>>>>触发调度<<<<<<<<<<< </span><br>触发调度：<br>address：http://172.27.53.95:8999/<br>code：200<br>msg：null', '2023-09-03 12:07:30', 200, '', 0);
INSERT INTO `xxl_job_log` (`id`, `job_group`, `job_id`, `executor_address`, `executor_handler`, `executor_param`, `executor_sharding_param`, `executor_fail_retry_count`, `trigger_time`, `trigger_code`, `trigger_msg`, `handle_time`, `handle_code`, `handle_msg`, `alarm_status`) VALUES (658, 3, 3, 'http://172.27.53.95:8999/', 'CoursePublishJobHandler', '', '0/1', 0, '2023-09-03 12:07:40', 200, '任务触发类型：Cron触发<br>调度机器：172.17.0.2<br>执行器-注册方式：自动注册<br>执行器-地址列表：[http://172.27.53.95:8999/]<br>路由策略：分片广播(0/1)<br>阻塞处理策略：丢弃后续调度<br>任务超时时间：0<br>失败重试次数：0<br><br><span style=\"color:#00c0ef;\" > >>>>>>>>>>>触发调度<<<<<<<<<<< </span><br>触发调度：<br>address：http://172.27.53.95:8999/<br>code：200<br>msg：null', '2023-09-03 12:07:40', 200, '', 0);
INSERT INTO `xxl_job_log` (`id`, `job_group`, `job_id`, `executor_address`, `executor_handler`, `executor_param`, `executor_sharding_param`, `executor_fail_retry_count`, `trigger_time`, `trigger_code`, `trigger_msg`, `handle_time`, `handle_code`, `handle_msg`, `alarm_status`) VALUES (659, 3, 3, 'http://172.27.53.95:8999/', 'CoursePublishJobHandler', '', '0/1', 0, '2023-09-03 12:07:50', 200, '任务触发类型：Cron触发<br>调度机器：172.17.0.2<br>执行器-注册方式：自动注册<br>执行器-地址列表：[http://172.27.53.95:8999/]<br>路由策略：分片广播(0/1)<br>阻塞处理策略：丢弃后续调度<br>任务超时时间：0<br>失败重试次数：0<br><br><span style=\"color:#00c0ef;\" > >>>>>>>>>>>触发调度<<<<<<<<<<< </span><br>触发调度：<br>address：http://172.27.53.95:8999/<br>code：200<br>msg：null', '2023-09-03 12:07:50', 200, '', 0);
INSERT INTO `xxl_job_log` (`id`, `job_group`, `job_id`, `executor_address`, `executor_handler`, `executor_param`, `executor_sharding_param`, `executor_fail_retry_count`, `trigger_time`, `trigger_code`, `trigger_msg`, `handle_time`, `handle_code`, `handle_msg`, `alarm_status`) VALUES (660, 3, 3, 'http://172.27.53.95:8999/', 'CoursePublishJobHandler', '', '0/1', 0, '2023-09-03 12:08:00', 200, '任务触发类型：Cron触发<br>调度机器：172.17.0.2<br>执行器-注册方式：自动注册<br>执行器-地址列表：[http://172.27.53.95:8999/]<br>路由策略：分片广播(0/1)<br>阻塞处理策略：丢弃后续调度<br>任务超时时间：0<br>失败重试次数：0<br><br><span style=\"color:#00c0ef;\" > >>>>>>>>>>>触发调度<<<<<<<<<<< </span><br>触发调度：<br>address：http://172.27.53.95:8999/<br>code：200<br>msg：null', '2023-09-03 12:08:00', 200, '', 0);
INSERT INTO `xxl_job_log` (`id`, `job_group`, `job_id`, `executor_address`, `executor_handler`, `executor_param`, `executor_sharding_param`, `executor_fail_retry_count`, `trigger_time`, `trigger_code`, `trigger_msg`, `handle_time`, `handle_code`, `handle_msg`, `alarm_status`) VALUES (661, 3, 3, 'http://172.27.53.95:8999/', 'CoursePublishJobHandler', '', '0/1', 0, '2023-09-03 12:08:10', 200, '任务触发类型：Cron触发<br>调度机器：172.17.0.2<br>执行器-注册方式：自动注册<br>执行器-地址列表：[http://172.27.53.95:8999/]<br>路由策略：分片广播(0/1)<br>阻塞处理策略：丢弃后续调度<br>任务超时时间：0<br>失败重试次数：0<br><br><span style=\"color:#00c0ef;\" > >>>>>>>>>>>触发调度<<<<<<<<<<< </span><br>触发调度：<br>address：http://172.27.53.95:8999/<br>code：200<br>msg：null', '2023-09-03 12:08:10', 200, '', 0);
INSERT INTO `xxl_job_log` (`id`, `job_group`, `job_id`, `executor_address`, `executor_handler`, `executor_param`, `executor_sharding_param`, `executor_fail_retry_count`, `trigger_time`, `trigger_code`, `trigger_msg`, `handle_time`, `handle_code`, `handle_msg`, `alarm_status`) VALUES (662, 3, 3, 'http://172.27.53.95:8999/', 'CoursePublishJobHandler', '', '0/1', 0, '2023-09-03 12:08:20', 200, '任务触发类型：Cron触发<br>调度机器：172.17.0.2<br>执行器-注册方式：自动注册<br>执行器-地址列表：[http://172.27.53.95:8999/]<br>路由策略：分片广播(0/1)<br>阻塞处理策略：丢弃后续调度<br>任务超时时间：0<br>失败重试次数：0<br><br><span style=\"color:#00c0ef;\" > >>>>>>>>>>>触发调度<<<<<<<<<<< </span><br>触发调度：<br>address：http://172.27.53.95:8999/<br>code：200<br>msg：null', '2023-09-03 12:08:20', 200, '', 0);
INSERT INTO `xxl_job_log` (`id`, `job_group`, `job_id`, `executor_address`, `executor_handler`, `executor_param`, `executor_sharding_param`, `executor_fail_retry_count`, `trigger_time`, `trigger_code`, `trigger_msg`, `handle_time`, `handle_code`, `handle_msg`, `alarm_status`) VALUES (663, 3, 3, 'http://172.27.53.95:8999/', 'CoursePublishJobHandler', '', '0/1', 0, '2023-09-03 12:08:30', 200, '任务触发类型：Cron触发<br>调度机器：172.17.0.2<br>执行器-注册方式：自动注册<br>执行器-地址列表：[http://172.27.53.95:8999/]<br>路由策略：分片广播(0/1)<br>阻塞处理策略：丢弃后续调度<br>任务超时时间：0<br>失败重试次数：0<br><br><span style=\"color:#00c0ef;\" > >>>>>>>>>>>触发调度<<<<<<<<<<< </span><br>触发调度：<br>address：http://172.27.53.95:8999/<br>code：200<br>msg：null', '2023-09-03 12:08:30', 200, '', 0);
INSERT INTO `xxl_job_log` (`id`, `job_group`, `job_id`, `executor_address`, `executor_handler`, `executor_param`, `executor_sharding_param`, `executor_fail_retry_count`, `trigger_time`, `trigger_code`, `trigger_msg`, `handle_time`, `handle_code`, `handle_msg`, `alarm_status`) VALUES (664, 3, 3, 'http://172.27.53.95:8999/', 'CoursePublishJobHandler', '', '0/1', 0, '2023-09-03 12:08:40', 200, '任务触发类型：Cron触发<br>调度机器：172.17.0.2<br>执行器-注册方式：自动注册<br>执行器-地址列表：[http://172.27.53.95:8999/]<br>路由策略：分片广播(0/1)<br>阻塞处理策略：丢弃后续调度<br>任务超时时间：0<br>失败重试次数：0<br><br><span style=\"color:#00c0ef;\" > >>>>>>>>>>>触发调度<<<<<<<<<<< </span><br>触发调度：<br>address：http://172.27.53.95:8999/<br>code：200<br>msg：null', '2023-09-03 12:08:40', 200, '', 0);
INSERT INTO `xxl_job_log` (`id`, `job_group`, `job_id`, `executor_address`, `executor_handler`, `executor_param`, `executor_sharding_param`, `executor_fail_retry_count`, `trigger_time`, `trigger_code`, `trigger_msg`, `handle_time`, `handle_code`, `handle_msg`, `alarm_status`) VALUES (665, 3, 3, 'http://172.27.53.95:8999/', 'CoursePublishJobHandler', '', '0/1', 0, '2023-09-03 12:08:50', 200, '任务触发类型：Cron触发<br>调度机器：172.17.0.2<br>执行器-注册方式：自动注册<br>执行器-地址列表：[http://172.27.53.95:8999/]<br>路由策略：分片广播(0/1)<br>阻塞处理策略：丢弃后续调度<br>任务超时时间：0<br>失败重试次数：0<br><br><span style=\"color:#00c0ef;\" > >>>>>>>>>>>触发调度<<<<<<<<<<< </span><br>触发调度：<br>address：http://172.27.53.95:8999/<br>code：200<br>msg：null', '2023-09-03 12:08:50', 200, '', 0);
INSERT INTO `xxl_job_log` (`id`, `job_group`, `job_id`, `executor_address`, `executor_handler`, `executor_param`, `executor_sharding_param`, `executor_fail_retry_count`, `trigger_time`, `trigger_code`, `trigger_msg`, `handle_time`, `handle_code`, `handle_msg`, `alarm_status`) VALUES (666, 3, 3, 'http://172.27.53.95:8999/', 'CoursePublishJobHandler', '', '0/1', 0, '2023-09-03 12:09:00', 200, '任务触发类型：Cron触发<br>调度机器：172.17.0.2<br>执行器-注册方式：自动注册<br>执行器-地址列表：[http://172.27.53.95:8999/]<br>路由策略：分片广播(0/1)<br>阻塞处理策略：丢弃后续调度<br>任务超时时间：0<br>失败重试次数：0<br><br><span style=\"color:#00c0ef;\" > >>>>>>>>>>>触发调度<<<<<<<<<<< </span><br>触发调度：<br>address：http://172.27.53.95:8999/<br>code：200<br>msg：null', '2023-09-03 12:09:00', 200, '', 0);
INSERT INTO `xxl_job_log` (`id`, `job_group`, `job_id`, `executor_address`, `executor_handler`, `executor_param`, `executor_sharding_param`, `executor_fail_retry_count`, `trigger_time`, `trigger_code`, `trigger_msg`, `handle_time`, `handle_code`, `handle_msg`, `alarm_status`) VALUES (667, 3, 3, 'http://172.27.53.95:8999/', 'CoursePublishJobHandler', '', '0/1', 0, '2023-09-03 12:09:10', 200, '任务触发类型：Cron触发<br>调度机器：172.17.0.2<br>执行器-注册方式：自动注册<br>执行器-地址列表：[http://172.27.53.95:8999/]<br>路由策略：分片广播(0/1)<br>阻塞处理策略：丢弃后续调度<br>任务超时时间：0<br>失败重试次数：0<br><br><span style=\"color:#00c0ef;\" > >>>>>>>>>>>触发调度<<<<<<<<<<< </span><br>触发调度：<br>address：http://172.27.53.95:8999/<br>code：200<br>msg：null', '2023-09-03 12:09:10', 200, '', 0);
INSERT INTO `xxl_job_log` (`id`, `job_group`, `job_id`, `executor_address`, `executor_handler`, `executor_param`, `executor_sharding_param`, `executor_fail_retry_count`, `trigger_time`, `trigger_code`, `trigger_msg`, `handle_time`, `handle_code`, `handle_msg`, `alarm_status`) VALUES (668, 3, 3, 'http://172.27.53.95:8999/', 'CoursePublishJobHandler', '', '0/1', 0, '2023-09-03 12:09:20', 200, '任务触发类型：Cron触发<br>调度机器：172.17.0.2<br>执行器-注册方式：自动注册<br>执行器-地址列表：[http://172.27.53.95:8999/]<br>路由策略：分片广播(0/1)<br>阻塞处理策略：丢弃后续调度<br>任务超时时间：0<br>失败重试次数：0<br><br><span style=\"color:#00c0ef;\" > >>>>>>>>>>>触发调度<<<<<<<<<<< </span><br>触发调度：<br>address：http://172.27.53.95:8999/<br>code：200<br>msg：null', '2023-09-03 12:09:20', 200, '', 0);
COMMIT;

-- ----------------------------
-- Table structure for xxl_job_log_report
-- ----------------------------
DROP TABLE IF EXISTS `xxl_job_log_report`;
CREATE TABLE `xxl_job_log_report` (
  `id` int NOT NULL AUTO_INCREMENT,
  `trigger_day` datetime DEFAULT NULL COMMENT '调度-时间',
  `running_count` int NOT NULL DEFAULT '0' COMMENT '运行中-日志数量',
  `suc_count` int NOT NULL DEFAULT '0' COMMENT '执行成功-日志数量',
  `fail_count` int NOT NULL DEFAULT '0' COMMENT '执行失败-日志数量',
  `update_time` datetime DEFAULT NULL,
  PRIMARY KEY (`id`),
  UNIQUE KEY `i_trigger_day` (`trigger_day`) USING BTREE
) ENGINE=InnoDB AUTO_INCREMENT=12 DEFAULT CHARSET=utf8mb4 COLLATE=utf8mb4_0900_ai_ci;

-- ----------------------------
-- Records of xxl_job_log_report
-- ----------------------------
BEGIN;
INSERT INTO `xxl_job_log_report` (`id`, `trigger_day`, `running_count`, `suc_count`, `fail_count`, `update_time`) VALUES (1, '2023-08-25 16:00:00', 0, 3, 153, NULL);
INSERT INTO `xxl_job_log_report` (`id`, `trigger_day`, `running_count`, `suc_count`, `fail_count`, `update_time`) VALUES (2, '2023-08-24 16:00:00', 0, 0, 0, NULL);
INSERT INTO `xxl_job_log_report` (`id`, `trigger_day`, `running_count`, `suc_count`, `fail_count`, `update_time`) VALUES (3, '2023-08-23 16:00:00', 0, 0, 0, NULL);
INSERT INTO `xxl_job_log_report` (`id`, `trigger_day`, `running_count`, `suc_count`, `fail_count`, `update_time`) VALUES (4, '2023-08-28 16:00:00', 0, 72, 68, NULL);
INSERT INTO `xxl_job_log_report` (`id`, `trigger_day`, `running_count`, `suc_count`, `fail_count`, `update_time`) VALUES (5, '2023-08-27 16:00:00', 0, 0, 0, NULL);
INSERT INTO `xxl_job_log_report` (`id`, `trigger_day`, `running_count`, `suc_count`, `fail_count`, `update_time`) VALUES (6, '2023-08-26 16:00:00', 0, 0, 0, NULL);
INSERT INTO `xxl_job_log_report` (`id`, `trigger_day`, `running_count`, `suc_count`, `fail_count`, `update_time`) VALUES (7, '2023-08-30 16:00:00', 0, 41, 1, NULL);
INSERT INTO `xxl_job_log_report` (`id`, `trigger_day`, `running_count`, `suc_count`, `fail_count`, `update_time`) VALUES (8, '2023-08-29 16:00:00', 0, 0, 0, NULL);
INSERT INTO `xxl_job_log_report` (`id`, `trigger_day`, `running_count`, `suc_count`, `fail_count`, `update_time`) VALUES (9, '2023-09-02 16:00:00', 0, 18, 0, NULL);
INSERT INTO `xxl_job_log_report` (`id`, `trigger_day`, `running_count`, `suc_count`, `fail_count`, `update_time`) VALUES (10, '2023-09-01 16:00:00', 0, 0, 0, NULL);
INSERT INTO `xxl_job_log_report` (`id`, `trigger_day`, `running_count`, `suc_count`, `fail_count`, `update_time`) VALUES (11, '2023-08-31 16:00:00', 0, 0, 0, NULL);
COMMIT;

-- ----------------------------
-- Table structure for xxl_job_logglue
-- ----------------------------
DROP TABLE IF EXISTS `xxl_job_logglue`;
CREATE TABLE `xxl_job_logglue` (
  `id` int NOT NULL AUTO_INCREMENT,
  `job_id` int NOT NULL COMMENT '任务，主键ID',
  `glue_type` varchar(50) DEFAULT NULL COMMENT 'GLUE类型',
  `glue_source` mediumtext COMMENT 'GLUE源代码',
  `glue_remark` varchar(128) NOT NULL COMMENT 'GLUE备注',
  `add_time` datetime DEFAULT NULL,
  `update_time` datetime DEFAULT NULL,
  PRIMARY KEY (`id`)
) ENGINE=InnoDB DEFAULT CHARSET=utf8mb4 COLLATE=utf8mb4_0900_ai_ci;

-- ----------------------------
-- Records of xxl_job_logglue
-- ----------------------------
BEGIN;
COMMIT;

-- ----------------------------
-- Table structure for xxl_job_registry
-- ----------------------------
DROP TABLE IF EXISTS `xxl_job_registry`;
CREATE TABLE `xxl_job_registry` (
  `id` int NOT NULL AUTO_INCREMENT,
  `registry_group` varchar(50) NOT NULL,
  `registry_key` varchar(255) NOT NULL,
  `registry_value` varchar(255) NOT NULL,
  `update_time` datetime DEFAULT NULL,
  PRIMARY KEY (`id`),
  KEY `i_g_k_v` (`registry_group`,`registry_key`,`registry_value`)
) ENGINE=InnoDB AUTO_INCREMENT=27 DEFAULT CHARSET=utf8mb4 COLLATE=utf8mb4_0900_ai_ci;

-- ----------------------------
-- Records of xxl_job_registry
-- ----------------------------
BEGIN;
INSERT INTO `xxl_job_registry` (`id`, `registry_group`, `registry_key`, `registry_value`, `update_time`) VALUES (25, 'EXECUTOR', 'media-process-executor', 'http://172.27.53.95:9999/', '2023-09-03 15:52:33');
INSERT INTO `xxl_job_registry` (`id`, `registry_group`, `registry_key`, `registry_value`, `update_time`) VALUES (26, 'EXECUTOR', 'coursepublish-executor', 'http://172.27.53.95:8999/', '2023-09-03 15:52:40');
COMMIT;

-- ----------------------------
-- Table structure for xxl_job_user
-- ----------------------------
DROP TABLE IF EXISTS `xxl_job_user`;
CREATE TABLE `xxl_job_user` (
  `id` int NOT NULL AUTO_INCREMENT,
  `username` varchar(50) NOT NULL COMMENT '账号',
  `password` varchar(50) NOT NULL COMMENT '密码',
  `role` tinyint NOT NULL COMMENT '角色：0-普通用户、1-管理员',
  `permission` varchar(255) DEFAULT NULL COMMENT '权限：执行器ID列表，多个逗号分割',
  PRIMARY KEY (`id`),
  UNIQUE KEY `i_username` (`username`) USING BTREE
) ENGINE=InnoDB AUTO_INCREMENT=2 DEFAULT CHARSET=utf8mb4 COLLATE=utf8mb4_0900_ai_ci;

-- ----------------------------
-- Records of xxl_job_user
-- ----------------------------
BEGIN;
INSERT INTO `xxl_job_user` (`id`, `username`, `password`, `role`, `permission`) VALUES (1, 'admin', 'e10adc3949ba59abbe56e057f20f883e', 1, NULL);
COMMIT;

SET FOREIGN_KEY_CHECKS = 1;
